<?xml version="1.0"?>
<ttServiceLoader xmlns:xsi="http://www.w3.org/2001/XMLSchema-instance">

    <ttServiceLoaderRow>
        <Order>0</Order>
        <ServiceTypeName>Consultingwerk.Framework.IFactory,Consultingwerk.Framework.IFactoryRegistry</ServiceTypeName>
        <ServiceClassName>Consultingwerk.Framework.Factory</ServiceClassName>
    </ttServiceLoaderRow>

    <ttServiceLoaderRow>
        <Order>0</Order>
        <ServiceTypeName>Consultingwerk.OERA.IServiceManagerLifeCycleProvider</ServiceTypeName>
        <ServiceClassName>Consultingwerk.OERA.ServiceManagerLifeCycleProvider</ServiceClassName>
    </ttServiceLoaderRow>

    <ttServiceLoaderRow>
        <Order>0</Order>
        <ServiceTypeName>Consultingwerk.OERA.IQueryStringFilter</ServiceTypeName>
        <ServiceClassName>Consultingwerk.OERA.EscapeCurlyBracesQueryFilter</ServiceClassName>
    </ttServiceLoaderRow>

    <ttServiceLoaderRow>
        <Order>1</Order>
        <ServiceTypeName>Consultingwerk.Framework.IMessagePublisher</ServiceTypeName>
        <ServiceClassName>Consultingwerk.Framework.MessagePublisher</ServiceClassName>
    </ttServiceLoaderRow>
    <ttServiceLoaderRow>
        <Order>1</Order>
        <ServiceTypeName>Consultingwerk.Framework.Server.IActionalInstrumentationService</ServiceTypeName>
        <ServiceClassName>Consultingwerk.Framework.Server.ActionalInteractionService</ServiceClassName>
    </ttServiceLoaderRow>
    <ttServiceLoaderRow>
        <Order>2</Order>
        <ServiceTypeName>Consultingwerk.Framework.RepositoryServices.IRepositoryService</ServiceTypeName>
        <ServiceClassName>Consultingwerk.Framework.RepositoryServices.Dynamics.SimpleDynamicsRepositoryService</ServiceClassName>
        <RequiredDatabases>ICFDB</RequiredDatabases>
        <Disabled>True</Disabled>
    </ttServiceLoaderRow>

    <ttServiceLoaderRow>
        <Order>2</Order>
        <ServiceTypeName>Consultingwerk.Framework.Server.ServerSessionActivator</ServiceTypeName>
        <ServiceClassName>Consultingwerk.Framework.Server.ServerSessionActivator</ServiceClassName>
    </ttServiceLoaderRow>

    <ttServiceLoaderRow>
        <Order>3</Order>
        <ServiceTypeName>Consultingwerk.Framework.Server.RestServerSessionActivator</ServiceTypeName>
        <ServiceClassName>Consultingwerk.Framework.Server.RestServerSessionActivator</ServiceClassName>
    </ttServiceLoaderRow>
    <ttServiceLoaderRow>
        <Order>4</Order>
        <ServiceTypeName>Consultingwerk.Framework.Server.IContextDatasetStore</ServiceTypeName>
        <ServiceClassName>Consultingwerk.Framework.Server.JsonContextDatasetStore</ServiceClassName>
        <RequiredDatabases>SmartDB</RequiredDatabases>
    </ttServiceLoaderRow>
    <ttServiceLoaderRow>
        <Order>5</Order>
        <ServiceTypeName>Consultingwerk.OERA.Context.IContextDatasetFactory</ServiceTypeName>
        <ServiceClassName>Consultingwerk.OERA.Context.ContextDatasetFactory</ServiceClassName>
    </ttServiceLoaderRow>

    <ttServiceLoaderRow>
        <Order>6</Order>
        <ServiceTypeName>Consultingwerk.Framework.Authorization.IFieldAuthorizationProvider</ServiceTypeName>
        <ServiceClassName>Consultingwerk.SmartFramework.Authorization.SmartFieldAuthorizationProvider</ServiceClassName>
        <RequiredDatabases>SmartDB</RequiredDatabases>
    </ttServiceLoaderRow>


    <ttServiceLoaderRow>
        <Order>6</Order>
        <ServiceTypeName>Consultingwerk.OERA.JsdoGenericService.ICatalogCacheService</ServiceTypeName>
        <ServiceClassName>Consultingwerk.OERA.JsdoGenericService.CatalogCacheService</ServiceClassName>
    </ttServiceLoaderRow>

    <ttServiceLoaderRow>
        <Order>7</Order>
        <ServiceTypeName>Consultingwerk.SmartFramework.Menu.Routes.ISmartRoutesService</ServiceTypeName>
        <ServiceClassName>Consultingwerk.SmartFramework.Menu.Routes.SmartRoutesService</ServiceClassName>
        <RequiredDatabases>SmartDB</RequiredDatabases>
    </ttServiceLoaderRow>

    <ttServiceLoaderRow>
        <Order>50</Order>
        <ServiceTypeName>Consultingwerk.CommonUi.Messages.IMessageService,Consultingwerk.Framework.MessageInteraction.IMessageServiceWithInteraction</ServiceTypeName>
        <ServiceClassName>Consultingwerk.Framework.MessageInteraction.MessageServiceWithInteraction</ServiceClassName>
    </ttServiceLoaderRow>

    <ttServiceLoaderRow>
        <Order>100</Order>
        <ServiceTypeName>Consultingwerk.Framework.IStartupValidationService</ServiceTypeName>
        <ServiceClassName>Consultingwerk.Framework.Server.RestServerStartupValidationService</ServiceClassName>
    </ttServiceLoaderRow>

    <ttServiceLoaderRow>
        <Order>101</Order>
        <ServiceTypeName>Consultingwerk.Framework.Messaging.ISmartMessagingService</ServiceTypeName>
        <ServiceClassName>Consultingwerk.Framework.Messaging.SmartMessagingService</ServiceClassName>
    </ttServiceLoaderRow>

</ttServiceLoader>
