<?xml version="1.0"?>
<ttServiceLoader xmlns:xsi="http://www.w3.org/2001/XMLSchema-instance">

    <ttServiceLoaderRow>
        <Order>10</Order>
        <ServiceTypeName>Consultingwerk.OERA.IServiceManagerLifeCycleProvider</ServiceTypeName>
        <ServiceClassName>Consultingwerk.OERA.ServiceManagerLifeCycleProvider</ServiceClassName>
    </ttServiceLoaderRow>

    <ttServiceLoaderRow>
        <Order>10</Order>
        <ServiceTypeName>Consultingwerk.OERA.IServiceNameMappingService</ServiceTypeName>
        <ServiceClassName>Consultingwerk.OERA.ServiceNameMappingService</ServiceClassName>
    </ttServiceLoaderRow>

    <ttServiceLoaderRow>
        <Order>0</Order>
        <ServiceTypeName>Consultingwerk.OERA.IQueryStringFilter</ServiceTypeName>
        <ServiceClassName>Consultingwerk.OERA.EscapeCurlyBracesQueryFilter</ServiceClassName>
    </ttServiceLoaderRow>

    <ttServiceLoaderRow>
        <Order>20</Order>
        <ServiceTypeName>Consultingwerk.Framework.IMessagePublisher</ServiceTypeName>
        <ServiceClassName>Consultingwerk.Framework.MessagePublisher</ServiceClassName>
    </ttServiceLoaderRow>
    <ttServiceLoaderRow>
        <Order>30</Order>
        <ServiceTypeName>Consultingwerk.Framework.Server.IActionalInstrumentationService</ServiceTypeName>
        <ServiceClassName>Consultingwerk.Framework.Server.ActionalInteractionService</ServiceClassName>
    </ttServiceLoaderRow>
    <ttServiceLoaderRow>
        <Order>40</Order>
        <ServiceTypeName>Consultingwerk.Framework.RepositoryServices.IRepositoryService</ServiceTypeName>
        <ServiceClassName>Consultingwerk.Framework.RepositoryServices.Dynamics.SimpleDynamicsRepositoryService</ServiceClassName>
        <RequiredDatabases>ICFDB</RequiredDatabases>
        <Disabled>True</Disabled>
    </ttServiceLoaderRow>
    <ttServiceLoaderRow>
        <Order>50</Order>
        <ServiceTypeName>Consultingwerk.Framework.Server.ServerSessionActivator</ServiceTypeName>
        <ServiceClassName>Consultingwerk.Framework.Server.ServerSessionActivator</ServiceClassName>
    </ttServiceLoaderRow>
</ttServiceLoader>
