{
    "basedOn": "",
    "inheritStaticProperties": false,
    "staticProperties": {
        "Consultingwerk.SmartFramework.System.TranslationProvider:UseEmptyScopeAsFallback": true,
        "Consultingwerk.Framework.Server.RestServerSessionActivator:SetDbClient": false,
        "Consultingwerk.OERA.Swagger.SwaggerRestEntitiesWebHandler:CacheSwaggerFile": true
    },
    "applicationSettings": ".restapplicationsettings",
    "inheritLoadServices": false,
    "loadServices": [
        "Consultingwerk/Framework/Server/common_services.xml",
        "Consultingwerk/SmartFramework/Repository/services.xml",
        "Consultingwerk/SmartFramework/services_server.xml"
    ],
    "loadFactories": [
        "Consultingwerk/Framework/factory.xml"
    ],
    "inheritManagers": false,
    "managers": {
        "Ccs.Common.IServiceManager": "Consultingwerk.Framework.CcsServiceManager"
    },
    "inheritCustomLogEntries": false,
    "customLogEntries": [
        "StaticProperties"
    ],
    "inheritAliases": false,
    "aliases": null,
    "sessionExport": null,
    "environment": {
        "ensureAbsolutePropath": true
    }
}
