{
  "name": "SmartComponentLibrary",
  "version": "1.0",
  "oeversion": "12.8",
  "graphicalMode": false,
  "charset": "iso8859-1",
  "extraParameters": "-cpcoll basic -zn -D 10000 -inp 32000 -tok 5000",
  "buildPath": [
    {
      "type": "source",
      "path": ".",
      "includes": "Consultingwerk/**,src/**",
      "excludes": "",
      "xref": "../SmartComponentLibrary-pct"
    },
    {
      "type": "propath",
      "path": "src"
    },
    {
      "type": "propath",
      "path": "${DLC}\\tty\\netlib\\OpenEdge.Net.pl"
    },
    {
      "type": "propath",
      "path": "${DLC}\\tty\\OpenEdge.Core.pl"
    },
    {
      "type": "propath",
      "path": "${DLC}"
    },
    {
      "type": "propath",
      "path": "${DLC}\\src"
    },
    {
      "type": "propath",
      "path": "${DLC}\\tty"
    }
  ],
  "numThreads": 2,
  "dbConnections": [],
  "procedures": [],
  "profiles": [
  ]
}