<?xml version="1.0"?>
<ttServiceLoader xmlns:xsi="http://www.w3.org/2001/XMLSchema-instance">
    <ttServiceLoaderRow>
        <Order>1</Order>
        <ServiceTypeName>Consultingwerk.Framework.IAuthenticationService</ServiceTypeName>
        <ServiceClassName>Consultingwerk.SmartFramework.Authentication.AuthenticationService</ServiceClassName>
        <Disabled>true</Disabled>
    </ttServiceLoaderRow>
    <ttServiceLoaderRow>
        <Order>1</Order>
        <ServiceTypeName>Consultingwerk.Framework.IAuthenticationService</ServiceTypeName>
        <ServiceClassName>Consultingwerk.SmartFramework.Authentication.DatabaseAuthenticationService</ServiceClassName>
        <Disabled>false</Disabled>
    </ttServiceLoaderRow>
    <ttServiceLoaderRow>
        <Order>2</Order>
        <ServiceTypeName>Consultingwerk.Framework.Authorization.IFormAuthorizationProvider</ServiceTypeName>
        <ServiceClassName>Consultingwerk.SmartFramework.FormAuthorizationProvider</ServiceClassName>
    </ttServiceLoaderRow>
    <ttServiceLoaderRow>
        <Order>3</Order>
        <ServiceTypeName>Consultingwerk.Framework.Authorization.IToolbarAuthorizationProvider</ServiceTypeName>
        <ServiceClassName>Consultingwerk.SmartFramework.Authorization.ToolbarAuthorizationProvider</ServiceClassName>
        <Disabled>true</Disabled>
    </ttServiceLoaderRow>
    <ttServiceLoaderRow>
        <Order>4</Order>
        <ServiceTypeName>Consultingwerk.Framework.Authorization.IFieldAuthorizationProvider</ServiceTypeName>
        <ServiceClassName>Consultingwerk.SmartFramework.Authorization.SmartFieldAuthorizationProvider</ServiceClassName>
    </ttServiceLoaderRow>
    <ttServiceLoaderRow>
        <Order>5</Order>
        <ServiceTypeName>Consultingwerk.Framework.Authorization.IRequestAuthorizationProvider</ServiceTypeName>
        <ServiceClassName>Consultingwerk.SmartFramework.Authorization.SmartRequestAuthorizationProvider</ServiceClassName>
    </ttServiceLoaderRow>
    <ttServiceLoaderRow>
        <Order>6</Order>
        <ServiceTypeName>Consultingwerk.Windows.Framework.IMenuStructureProvider</ServiceTypeName>
        <ServiceClassName>Consultingwerk.Windows.Framework.Menu.MenuStructureProvider</ServiceClassName>
    </ttServiceLoaderRow>
    <ttServiceLoaderRow>
        <Order>7</Order>
        <ServiceTypeName>Consultingwerk.Windows.Framework.IMenuFunctionLauncher</ServiceTypeName>
        <ServiceClassName>Consultingwerk.Windows.Framework.Menu.MenuFunctionLauncher</ServiceClassName>
    </ttServiceLoaderRow>
    <ttServiceLoaderRow>
        <Order>8</Order>
        <ServiceTypeName>Consultingwerk.Windows.Framework.IImageProvider</ServiceTypeName>
        <ServiceClassName>Consultingwerk.Windows.Framework.ImageProvider</ServiceClassName>
    </ttServiceLoaderRow>
    <ttServiceLoaderRow>
        <Order>9</Order>
        <ServiceTypeName>Consultingwerk.SmartFramework.ILanguageProvider</ServiceTypeName>
        <ServiceClassName>Consultingwerk.Windows.Framework.System.LanguageProvider</ServiceClassName>
    </ttServiceLoaderRow>
    <ttServiceLoaderRow>
        <Order>10</Order>
        <ServiceTypeName>Consultingwerk.SmartFramework.ILoginCompanyProvider</ServiceTypeName>
        <ServiceClassName>Consultingwerk.Windows.Framework.System.LoginCompanyProvider</ServiceClassName>
    </ttServiceLoaderRow>
    <ttServiceLoaderRow>
        <Order>11</Order>
        <ServiceTypeName>Consultingwerk.SmartFramework.IMessageProvider</ServiceTypeName>
        <ServiceClassName>Consultingwerk.SmartFramework.System.MessageProvider</ServiceClassName>
    </ttServiceLoaderRow>
    <ttServiceLoaderRow>
        <Order>12</Order>
        <ServiceTypeName>Consultingwerk.SmartFramework.ITranslationProvider</ServiceTypeName>
        <ServiceClassName>Consultingwerk.SmartFramework.System.TranslationProvider</ServiceClassName>
    </ttServiceLoaderRow>
    <ttServiceLoaderRow>
        <Order>13</Order>
        <ServiceTypeName>Consultingwerk.SmartFramework.IAttachmentRoleProvider</ServiceTypeName>
        <ServiceClassName>Consultingwerk.SmartFramework.System.AttachmentRoleProvider</ServiceClassName>
    </ttServiceLoaderRow>
    <ttServiceLoaderRow>
        <Order>14</Order>
        <ServiceTypeName>Consultingwerk.SmartFramework.ICommentRoleProvider</ServiceTypeName>
        <ServiceClassName>Consultingwerk.SmartFramework.System.CommentRoleProvider</ServiceClassName>
    </ttServiceLoaderRow>
    <ttServiceLoaderRow>
        <Order>15</Order>
        <ServiceTypeName>Consultingwerk.Windows.Framework.IUserInterfaceLanguageManager</ServiceTypeName>
        <ServiceClassName>Consultingwerk.Windows.Framework.UserInterfaceLanguageManager</ServiceClassName>
    </ttServiceLoaderRow>
    <ttServiceLoaderRow>
        <Order>16</Order>
        <ServiceTypeName>Consultingwerk.SmartFramework.ITableInfoProvider</ServiceTypeName>
        <ServiceClassName>Consultingwerk.SmartFramework.System.SmartTableInfoProvider</ServiceClassName>
    </ttServiceLoaderRow>
    <ttServiceLoaderRow>
        <Order>17</Order>
        <ServiceTypeName>Consultingwerk.SmartFramework.IRelationService</ServiceTypeName>
        <ServiceClassName>Consultingwerk.SmartFramework.System.SmartRelationService</ServiceClassName>
    </ttServiceLoaderRow>

    <ttServiceLoaderRow>
        <Order>20</Order>
        <ServiceTypeName>Consultingwerk.SmartFramework.Localization.IUserInterfaceTranslationService</ServiceTypeName>
        <ServiceClassName>Consultingwerk.SmartFramework.Localization.UserInterfaceTranslationService</ServiceClassName>
    </ttServiceLoaderRow>
    <ttServiceLoaderRow>
        <Order>21</Order>
        <ServiceTypeName>Consultingwerk.Windows.Framework.Localization.IStringResourceFilter</ServiceTypeName>
        <ServiceClassName>Consultingwerk.Windows.Framework.Localization.StringResourceFilter</ServiceClassName>
    </ttServiceLoaderRow>

    <ttServiceLoaderRow>
        <Order>22</Order>
        <ServiceTypeName>Consultingwerk.Windows.Framework.IValueListProvider</ServiceTypeName>
        <ServiceClassName>Consultingwerk.Windows.Framework.System.ValueListProvider</ServiceClassName>
    </ttServiceLoaderRow>

    <ttServiceLoaderRow>
        <Order>23</Order>
        <ServiceTypeName>Consultingwerk.SmartFramework.Authorization.ISecurityService</ServiceTypeName>
        <ServiceClassName>Consultingwerk.SmartFramework.Authorization.SecurityService</ServiceClassName>
        <RequiredDatabases>SmartDB</RequiredDatabases>
    </ttServiceLoaderRow>

    <ttServiceLoaderRow>
        <Order>24</Order>
        <ServiceTypeName>Consultingwerk.SmartFramework.Authorization.IObjectTokenSecurityService,Consultingwerk.SmartFramework.Authorization.ITokenSecurityService,Consultingwerk.SmartFramework.Authorization.IToolbarItemSecurityService,Consultingwerk.SmartFramework.Authorization.IProductSecurityService</ServiceTypeName>
        <ServiceClassName>Consultingwerk.SmartFramework.Authorization.AuthorizationClient</ServiceClassName>
    </ttServiceLoaderRow>

    <ttServiceLoaderRow>
        <Order>25</Order>
        <ServiceTypeName>Consultingwerk.Windows.IFormToolbarCustomizer</ServiceTypeName>
        <ServiceClassName>Consultingwerk.Windows.Framework.SmartFrameworkToolbarCustomizer</ServiceClassName>
    </ttServiceLoaderRow>

    <ttServiceLoaderRow>
        <Order>26</Order>
        <ServiceTypeName>Consultingwerk.SmartComponents.Implementation.ISmartDataBrowserColumnCustomizer</ServiceTypeName>
        <ServiceClassName>Consultingwerk.Windows.Framework.SmartDataBrowserColumnCustomizer</ServiceClassName>
    </ttServiceLoaderRow>

    <ttServiceLoaderRow>
        <Order>27</Order>
        <ServiceTypeName>Consultingwerk.Framework.ILoggingPresetProvider</ServiceTypeName>
        <ServiceClassName>Consultingwerk.Framework.LoggingPresetProvider</ServiceClassName>
    </ttServiceLoaderRow>

    <ttServiceLoaderRow>
        <Order>100</Order>
        <ServiceTypeName>Consultingwerk.Windows.Framework.Repository.ISmartRepositoryAttributeLookupService</ServiceTypeName>
        <ServiceClassName>Consultingwerk.Windows.Framework.Repository.SmartRepositoryAttributeLookupService</ServiceClassName>
    </ttServiceLoaderRow>

    <ttServiceLoaderRow>
        <Order>101</Order>
        <ServiceTypeName>Consultingwerk.SmartFramework.Repository.ISmartRepositoryCache</ServiceTypeName>
        <ServiceClassName>Consultingwerk.SmartFramework.Repository.SmartRepositoryCache</ServiceClassName>
    </ttServiceLoaderRow>

    <ttServiceLoaderRow>
        <Order>110</Order>
        <ServiceTypeName>Consultingwerk.SmartFramework.System.SmartCache.ISmartCacheService</ServiceTypeName>
        <ServiceClassName>Consultingwerk.SmartFramework.System.SmartCache.SmartCacheService</ServiceClassName>
    </ttServiceLoaderRow>

</ttServiceLoader>
