<?xml version="1.0"?>
<ttServiceLoader xmlns:xsi="http://www.w3.org/2001/XMLSchema-instance">
    <ttServiceLoaderRow>
        <Order>1</Order>
        <ServiceTypeName>Consultingwerk.Framework.IAuthenticationService</ServiceTypeName>
        <ServiceClassName>Consultingwerk.SmartFramework.Authentication.AuthenticationService</ServiceClassName>
    </ttServiceLoaderRow>
    <ttServiceLoaderRow>
        <Order>5</Order>
        <ServiceTypeName>Consultingwerk.Framework.Authorization.IRequestAuthorizationProvider</ServiceTypeName>
        <ServiceClassName>Consultingwerk.SmartFramework.Authorization.SmartRequestAuthorizationProvider</ServiceClassName>
    </ttServiceLoaderRow>
    <ttServiceLoaderRow>
        <Order>11</Order>
        <ServiceTypeName>Consultingwerk.SmartFramework.IMessageProvider</ServiceTypeName>
        <ServiceClassName>Consultingwerk.SmartFramework.System.MessageProvider</ServiceClassName>
    </ttServiceLoaderRow>
    <ttServiceLoaderRow>
        <Order>12</Order>
        <ServiceTypeName>Consultingwerk.SmartFramework.ITranslationProvider</ServiceTypeName>
        <ServiceClassName>Consultingwerk.SmartFramework.System.TranslationProvider</ServiceClassName>
    </ttServiceLoaderRow>
    <ttServiceLoaderRow>
        <Order>16</Order>
        <ServiceTypeName>Consultingwerk.SmartFramework.ITableInfoProvider</ServiceTypeName>
        <ServiceClassName>Consultingwerk.SmartFramework.System.SmartTableInfoProvider</ServiceClassName>
    </ttServiceLoaderRow>
    <ttServiceLoaderRow>
        <Order>17</Order>
        <ServiceTypeName>Consultingwerk.SmartFramework.IRelationService</ServiceTypeName>
        <ServiceClassName>Consultingwerk.SmartFramework.System.SmartRelationService</ServiceClassName>
    </ttServiceLoaderRow>

    <ttServiceLoaderRow>
        <Order>23</Order>
        <ServiceTypeName>Consultingwerk.SmartFramework.Authorization.ISecurityService</ServiceTypeName>
        <ServiceClassName>Consultingwerk.SmartFramework.Authorization.SecurityService</ServiceClassName>
    </ttServiceLoaderRow>

    <ttServiceLoaderRow>
        <Order>24</Order>
        <ServiceTypeName>Consultingwerk.SmartFramework.Authorization.IObjectTokenSecurityService,Consultingwerk.SmartFramework.Authorization.ITokenSecurityService,Consultingwerk.SmartFramework.Authorization.IToolbarItemSecurityService,Consultingwerk.SmartFramework.Authorization.IProductSecurityService</ServiceTypeName>
        <ServiceClassName>Consultingwerk.SmartFramework.Authorization.AuthorizationClient</ServiceClassName>
    </ttServiceLoaderRow>

</ttServiceLoader>
