<?xml version="1.0"?>
<ttWidgetAttributes xmlns:xsi="http://www.w3.org/2001/XMLSchema-instance">
  <ttWidgetAttributesRow>
    <AttributeName>ACCELERATOR</AttributeName>
  </ttWidgetAttributesRow>
  <ttWidgetAttributesRow>
    <AttributeName>ACTIVE</AttributeName>
  </ttWidgetAttributesRow>
  <ttWidgetAttributesRow>
    <AttributeName>ACTOR</AttributeName>
  </ttWidgetAttributesRow>
  <ttWidgetAttributesRow>
    <AttributeName>ADM-DATA</AttributeName>
  </ttWidgetAttributesRow>
  <ttWidgetAttributesRow>
    <AttributeName>AFTER-BUFFER</AttributeName>
  </ttWidgetAttributesRow>
  <ttWidgetAttributesRow>
    <AttributeName>AFTER-ROWID</AttributeName>
  </ttWidgetAttributesRow>
  <ttWidgetAttributesRow>
    <AttributeName>AFTER-TABLE</AttributeName>
  </ttWidgetAttributesRow>
  <ttWidgetAttributesRow>
    <AttributeName>ALLOW-COLUMN-SEARCHING</AttributeName>
  </ttWidgetAttributesRow>
  <ttWidgetAttributesRow>
    <AttributeName>ALWAYS-ON-TOP</AttributeName>
  </ttWidgetAttributesRow>
  <ttWidgetAttributesRow>
    <AttributeName>AMBIGUOUS</AttributeName>
  </ttWidgetAttributesRow>
  <ttWidgetAttributesRow>
    <AttributeName>APPL-ALERT-BOXES</AttributeName>
  </ttWidgetAttributesRow>
  <ttWidgetAttributesRow>
    <AttributeName>APPL-CONTEXT-ID</AttributeName>
  </ttWidgetAttributesRow>
  <ttWidgetAttributesRow>
    <AttributeName>APPSERVER-INFO</AttributeName>
  </ttWidgetAttributesRow>
  <ttWidgetAttributesRow>
    <AttributeName>APPSERVER-PASSWORD</AttributeName>
  </ttWidgetAttributesRow>
  <ttWidgetAttributesRow>
    <AttributeName>APPSERVER-USERID</AttributeName>
  </ttWidgetAttributesRow>
  <ttWidgetAttributesRow>
    <AttributeName>ASYNC-REQUEST-COUNT</AttributeName>
  </ttWidgetAttributesRow>
  <ttWidgetAttributesRow>
    <AttributeName>ASYNC-REQUEST-HANDLE</AttributeName>
  </ttWidgetAttributesRow>
  <ttWidgetAttributesRow>
    <AttributeName>ASYNCHRONOUS</AttributeName>
  </ttWidgetAttributesRow>
  <ttWidgetAttributesRow>
    <AttributeName>ATTACHED-PAIRLIST</AttributeName>
  </ttWidgetAttributesRow>
  <ttWidgetAttributesRow>
    <AttributeName>ATTR-SPACE</AttributeName>
  </ttWidgetAttributesRow>
  <ttWidgetAttributesRow>
    <AttributeName>ATTRIBUTE-NAMES</AttributeName>
  </ttWidgetAttributesRow>
  <ttWidgetAttributesRow>
    <AttributeName>AUDIT-EVENT-CONTEXT</AttributeName>
  </ttWidgetAttributesRow>
  <ttWidgetAttributesRow>
    <AttributeName>AUTO-COMPLETION</AttributeName>
  </ttWidgetAttributesRow>
  <ttWidgetAttributesRow>
    <AttributeName>AUTO-DELETE</AttributeName>
  </ttWidgetAttributesRow>
  <ttWidgetAttributesRow>
    <AttributeName>AUTO-DELETE-XML</AttributeName>
  </ttWidgetAttributesRow>
  <ttWidgetAttributesRow>
    <AttributeName>AUTO-END-KEY</AttributeName>
  </ttWidgetAttributesRow>
  <ttWidgetAttributesRow>
    <AttributeName>AUTO-GO</AttributeName>
  </ttWidgetAttributesRow>
  <ttWidgetAttributesRow>
    <AttributeName>AUTO-INDENT</AttributeName>
  </ttWidgetAttributesRow>
  <ttWidgetAttributesRow>
    <AttributeName>AUTO-RESIZE</AttributeName>
  </ttWidgetAttributesRow>
  <ttWidgetAttributesRow>
    <AttributeName>AUTO-RETURN</AttributeName>
  </ttWidgetAttributesRow>
  <ttWidgetAttributesRow>
    <AttributeName>AUTO-SYNCHRONIZE</AttributeName>
  </ttWidgetAttributesRow>
  <ttWidgetAttributesRow>
    <AttributeName>AUTO-VALIDATE</AttributeName>
  </ttWidgetAttributesRow>
  <ttWidgetAttributesRow>
    <AttributeName>AUTO-ZAP</AttributeName>
  </ttWidgetAttributesRow>
  <ttWidgetAttributesRow>
    <AttributeName>AVAILABLE</AttributeName>
  </ttWidgetAttributesRow>
  <ttWidgetAttributesRow>
    <AttributeName>AVAILABLE-FORMATS</AttributeName>
  </ttWidgetAttributesRow>
  <ttWidgetAttributesRow>
    <AttributeName>BACKGROUND</AttributeName>
  </ttWidgetAttributesRow>
  <ttWidgetAttributesRow>
    <AttributeName>BASE-ADE</AttributeName>
  </ttWidgetAttributesRow>
  <ttWidgetAttributesRow>
    <AttributeName>BASIC-LOGGING</AttributeName>
  </ttWidgetAttributesRow>
  <ttWidgetAttributesRow>
    <AttributeName>BATCH-MODE</AttributeName>
  </ttWidgetAttributesRow>
  <ttWidgetAttributesRow>
    <AttributeName>BATCH-SIZE</AttributeName>
  </ttWidgetAttributesRow>
  <ttWidgetAttributesRow>
    <AttributeName>BEFORE-BUFFER</AttributeName>
  </ttWidgetAttributesRow>
  <ttWidgetAttributesRow>
    <AttributeName>BEFORE-ROWID</AttributeName>
  </ttWidgetAttributesRow>
  <ttWidgetAttributesRow>
    <AttributeName>BEFORE-TABLE</AttributeName>
  </ttWidgetAttributesRow>
  <ttWidgetAttributesRow>
    <AttributeName>BGCOLOR</AttributeName>
  </ttWidgetAttributesRow>
  <ttWidgetAttributesRow>
    <AttributeName>BLANK</AttributeName>
  </ttWidgetAttributesRow>
  <ttWidgetAttributesRow>
    <AttributeName>BLOCK-ITERATION-DISPLAY</AttributeName>
  </ttWidgetAttributesRow>
  <ttWidgetAttributesRow>
    <AttributeName>BORDER-BOTTOM-CHARS</AttributeName>
  </ttWidgetAttributesRow>
  <ttWidgetAttributesRow>
    <AttributeName>BORDER-BOTTOM-PIXELS</AttributeName>
  </ttWidgetAttributesRow>
  <ttWidgetAttributesRow>
    <AttributeName>BORDER-LEFT-CHARS</AttributeName>
  </ttWidgetAttributesRow>
  <ttWidgetAttributesRow>
    <AttributeName>BORDER-LEFT-PIXELS</AttributeName>
  </ttWidgetAttributesRow>
  <ttWidgetAttributesRow>
    <AttributeName>BORDER-RIGHT-CHARS</AttributeName>
  </ttWidgetAttributesRow>
  <ttWidgetAttributesRow>
    <AttributeName>BORDER-RIGHT-PIXELS</AttributeName>
  </ttWidgetAttributesRow>
  <ttWidgetAttributesRow>
    <AttributeName>BORDER-TOP-CHARS</AttributeName>
  </ttWidgetAttributesRow>
  <ttWidgetAttributesRow>
    <AttributeName>BORDER-TOP-PIXELS</AttributeName>
  </ttWidgetAttributesRow>
  <ttWidgetAttributesRow>
    <AttributeName>BOX</AttributeName>
  </ttWidgetAttributesRow>
  <ttWidgetAttributesRow>
    <AttributeName>BOX-SELECTABLE</AttributeName>
  </ttWidgetAttributesRow>
  <ttWidgetAttributesRow>
    <AttributeName>BUFFER-CHARS</AttributeName>
  </ttWidgetAttributesRow>
  <ttWidgetAttributesRow>
    <AttributeName>BUFFER-FIELD</AttributeName>
  </ttWidgetAttributesRow>
  <ttWidgetAttributesRow>
    <AttributeName>BUFFER-GROUP-ID</AttributeName>
  </ttWidgetAttributesRow>
  <ttWidgetAttributesRow>
    <AttributeName>BUFFER-GROUP-NAME</AttributeName>
  </ttWidgetAttributesRow>
  <ttWidgetAttributesRow>
    <AttributeName>BUFFER-HANDLE</AttributeName>
  </ttWidgetAttributesRow>
  <ttWidgetAttributesRow>
    <AttributeName>BUFFER-LINES</AttributeName>
  </ttWidgetAttributesRow>
  <ttWidgetAttributesRow>
    <AttributeName>BUFFER-NAME</AttributeName>
  </ttWidgetAttributesRow>
  <ttWidgetAttributesRow>
    <AttributeName>BUFFER-PARTITION-ID</AttributeName>
  </ttWidgetAttributesRow>
  <ttWidgetAttributesRow>
    <AttributeName>BUFFER-TENANT-ID</AttributeName>
  </ttWidgetAttributesRow>
  <ttWidgetAttributesRow>
    <AttributeName>BUFFER-TENANT-NAME</AttributeName>
  </ttWidgetAttributesRow>
  <ttWidgetAttributesRow>
    <AttributeName>BYTES-READ</AttributeName>
  </ttWidgetAttributesRow>
  <ttWidgetAttributesRow>
    <AttributeName>BYTES-WRITTEN</AttributeName>
  </ttWidgetAttributesRow>
  <ttWidgetAttributesRow>
    <AttributeName>CACHE</AttributeName>
  </ttWidgetAttributesRow>
  <ttWidgetAttributesRow>
    <AttributeName>CALL-NAME</AttributeName>
  </ttWidgetAttributesRow>
  <ttWidgetAttributesRow>
    <AttributeName>CALL-TYPE</AttributeName>
  </ttWidgetAttributesRow>
  <ttWidgetAttributesRow>
    <AttributeName>CAN-CREATE</AttributeName>
  </ttWidgetAttributesRow>
  <ttWidgetAttributesRow>
    <AttributeName>CAN-DELETE</AttributeName>
  </ttWidgetAttributesRow>
  <ttWidgetAttributesRow>
    <AttributeName>CAN-READ</AttributeName>
  </ttWidgetAttributesRow>
  <ttWidgetAttributesRow>
    <AttributeName>CAN-WRITE</AttributeName>
  </ttWidgetAttributesRow>
  <ttWidgetAttributesRow>
    <AttributeName>CANCEL-BUTTON</AttributeName>
  </ttWidgetAttributesRow>
  <ttWidgetAttributesRow>
    <AttributeName>CANCELLED</AttributeName>
  </ttWidgetAttributesRow>
  <ttWidgetAttributesRow>
    <AttributeName>CAREFUL-PAINT</AttributeName>
  </ttWidgetAttributesRow>
  <ttWidgetAttributesRow>
    <AttributeName>CASE-SENSITIVE</AttributeName>
  </ttWidgetAttributesRow>
  <ttWidgetAttributesRow>
    <AttributeName>CENTERED</AttributeName>
  </ttWidgetAttributesRow>
  <ttWidgetAttributesRow>
    <AttributeName>CHARSET</AttributeName>
  </ttWidgetAttributesRow>
  <ttWidgetAttributesRow>
    <AttributeName>CHECKED</AttributeName>
  </ttWidgetAttributesRow>
  <ttWidgetAttributesRow>
    <AttributeName>CHILD-BUFFER</AttributeName>
  </ttWidgetAttributesRow>
  <ttWidgetAttributesRow>
    <AttributeName>CHILD-NUM</AttributeName>
  </ttWidgetAttributesRow>
  <ttWidgetAttributesRow>
    <AttributeName>CLASS-TYPE</AttributeName>
  </ttWidgetAttributesRow>
  <ttWidgetAttributesRow>
    <AttributeName>CLIENT-CONNECTION-ID</AttributeName>
  </ttWidgetAttributesRow>
  <ttWidgetAttributesRow>
    <AttributeName>CLIENT-TTY</AttributeName>
  </ttWidgetAttributesRow>
  <ttWidgetAttributesRow>
    <AttributeName>CLIENT-TYPE</AttributeName>
  </ttWidgetAttributesRow>
  <ttWidgetAttributesRow>
    <AttributeName>CLIENT-WORKSTATION</AttributeName>
  </ttWidgetAttributesRow>
  <ttWidgetAttributesRow>
    <AttributeName>CODE</AttributeName>
  </ttWidgetAttributesRow>
  <ttWidgetAttributesRow>
    <AttributeName>CODEPAGE</AttributeName>
  </ttWidgetAttributesRow>
  <ttWidgetAttributesRow>
    <AttributeName>COLUMN</AttributeName>
  </ttWidgetAttributesRow>
  <ttWidgetAttributesRow>
    <AttributeName>COLUMN-BGCOLOR</AttributeName>
  </ttWidgetAttributesRow>
  <ttWidgetAttributesRow>
    <AttributeName>COLUMN-DCOLOR</AttributeName>
  </ttWidgetAttributesRow>
  <ttWidgetAttributesRow>
    <AttributeName>COLUMN-FGCOLOR</AttributeName>
  </ttWidgetAttributesRow>
  <ttWidgetAttributesRow>
    <AttributeName>COLUMN-FONT</AttributeName>
  </ttWidgetAttributesRow>
  <ttWidgetAttributesRow>
    <AttributeName>COLUMN-LABEL</AttributeName>
  </ttWidgetAttributesRow>
  <ttWidgetAttributesRow>
    <AttributeName>COLUMN-MOVABLE</AttributeName>
  </ttWidgetAttributesRow>
  <ttWidgetAttributesRow>
    <AttributeName>COLUMN-PFCOLOR</AttributeName>
  </ttWidgetAttributesRow>
  <ttWidgetAttributesRow>
    <AttributeName>COLUMN-READ-ONLY</AttributeName>
  </ttWidgetAttributesRow>
  <ttWidgetAttributesRow>
    <AttributeName>COLUMN-RESIZABLE</AttributeName>
  </ttWidgetAttributesRow>
  <ttWidgetAttributesRow>
    <AttributeName>COLUMN-SCROLLING</AttributeName>
  </ttWidgetAttributesRow>
  <ttWidgetAttributesRow>
    <AttributeName>COM-HANDLE</AttributeName>
  </ttWidgetAttributesRow>
  <ttWidgetAttributesRow>
    <AttributeName>COMPLETE</AttributeName>
  </ttWidgetAttributesRow>
  <ttWidgetAttributesRow>
    <AttributeName>CONFIG-NAME</AttributeName>
  </ttWidgetAttributesRow>
  <ttWidgetAttributesRow>
    <AttributeName>CONTEXT-HELP</AttributeName>
  </ttWidgetAttributesRow>
  <ttWidgetAttributesRow>
    <AttributeName>CONTEXT-HELP-FILE</AttributeName>
  </ttWidgetAttributesRow>
  <ttWidgetAttributesRow>
    <AttributeName>CONTEXT-HELP-ID</AttributeName>
  </ttWidgetAttributesRow>
  <ttWidgetAttributesRow>
    <AttributeName>CONTROL-BOX</AttributeName>
  </ttWidgetAttributesRow>
  <ttWidgetAttributesRow>
    <AttributeName>CONVERT-3D-COLORS</AttributeName>
  </ttWidgetAttributesRow>
  <ttWidgetAttributesRow>
    <AttributeName>CPCASE</AttributeName>
  </ttWidgetAttributesRow>
  <ttWidgetAttributesRow>
    <AttributeName>CPCOLL</AttributeName>
  </ttWidgetAttributesRow>
  <ttWidgetAttributesRow>
    <AttributeName>CPINTERNAL</AttributeName>
  </ttWidgetAttributesRow>
  <ttWidgetAttributesRow>
    <AttributeName>CPLOG</AttributeName>
  </ttWidgetAttributesRow>
  <ttWidgetAttributesRow>
    <AttributeName>CPPRINT</AttributeName>
  </ttWidgetAttributesRow>
  <ttWidgetAttributesRow>
    <AttributeName>CPRCODEIN</AttributeName>
  </ttWidgetAttributesRow>
  <ttWidgetAttributesRow>
    <AttributeName>CPRCODEOUT</AttributeName>
  </ttWidgetAttributesRow>
  <ttWidgetAttributesRow>
    <AttributeName>CPSTREAM</AttributeName>
  </ttWidgetAttributesRow>
  <ttWidgetAttributesRow>
    <AttributeName>CPTERM</AttributeName>
  </ttWidgetAttributesRow>
  <ttWidgetAttributesRow>
    <AttributeName>CRC-VALUE</AttributeName>
  </ttWidgetAttributesRow>
  <ttWidgetAttributesRow>
    <AttributeName>CURRENT-CHANGED</AttributeName>
  </ttWidgetAttributesRow>
  <ttWidgetAttributesRow>
    <AttributeName>CURRENT-COLUMN</AttributeName>
  </ttWidgetAttributesRow>
  <ttWidgetAttributesRow>
    <AttributeName>CURRENT-ENVIRONMENT</AttributeName>
  </ttWidgetAttributesRow>
  <ttWidgetAttributesRow>
    <AttributeName>CURRENT-REQUEST-INFO</AttributeName>
  </ttWidgetAttributesRow>
  <ttWidgetAttributesRow>
    <AttributeName>CURRENT-RESPONSE-INFO</AttributeName>
  </ttWidgetAttributesRow>
  <ttWidgetAttributesRow>
    <AttributeName>CURRENT-RESULT-ROW</AttributeName>
  </ttWidgetAttributesRow>
  <ttWidgetAttributesRow>
    <AttributeName>CURRENT-ROW-MODIFIED</AttributeName>
  </ttWidgetAttributesRow>
  <ttWidgetAttributesRow>
    <AttributeName>CURRENT-WINDOW</AttributeName>
  </ttWidgetAttributesRow>
  <ttWidgetAttributesRow>
    <AttributeName>CURSOR-CHAR</AttributeName>
  </ttWidgetAttributesRow>
  <ttWidgetAttributesRow>
    <AttributeName>CURSOR-LINE</AttributeName>
  </ttWidgetAttributesRow>
  <ttWidgetAttributesRow>
    <AttributeName>CURSOR-OFFSET</AttributeName>
  </ttWidgetAttributesRow>
  <ttWidgetAttributesRow>
    <AttributeName>DATA-ENTRY-RETURN</AttributeName>
  </ttWidgetAttributesRow>
  <ttWidgetAttributesRow>
    <AttributeName>DATA-SOURCE</AttributeName>
  </ttWidgetAttributesRow>
  <ttWidgetAttributesRow>
    <AttributeName>DATA-SOURCE-COMPLETE-MAP</AttributeName>
  </ttWidgetAttributesRow>
  <ttWidgetAttributesRow>
    <AttributeName>DATA-SOURCE-MODIFIED</AttributeName>
  </ttWidgetAttributesRow>
  <ttWidgetAttributesRow>
    <AttributeName>DATA-SOURCE-ROWID</AttributeName>
  </ttWidgetAttributesRow>
  <ttWidgetAttributesRow>
    <AttributeName>DATA-TYPE</AttributeName>
  </ttWidgetAttributesRow>
  <ttWidgetAttributesRow>
    <AttributeName>DATASET</AttributeName>
  </ttWidgetAttributesRow>
  <ttWidgetAttributesRow>
    <AttributeName>DATE-FORMAT</AttributeName>
  </ttWidgetAttributesRow>
  <ttWidgetAttributesRow>
    <AttributeName>DB-CONTEXT</AttributeName>
  </ttWidgetAttributesRow>
  <ttWidgetAttributesRow>
    <AttributeName>DB-LIST</AttributeName>
  </ttWidgetAttributesRow>
  <ttWidgetAttributesRow>
    <AttributeName>DB-REFERENCES</AttributeName>
  </ttWidgetAttributesRow>
  <ttWidgetAttributesRow>
    <AttributeName>DBNAME</AttributeName>
  </ttWidgetAttributesRow>
  <ttWidgetAttributesRow>
    <AttributeName>DCOLOR</AttributeName>
  </ttWidgetAttributesRow>
  <ttWidgetAttributesRow>
    <AttributeName>DDE-ERROR</AttributeName>
  </ttWidgetAttributesRow>
  <ttWidgetAttributesRow>
    <AttributeName>DDE-ID</AttributeName>
  </ttWidgetAttributesRow>
  <ttWidgetAttributesRow>
    <AttributeName>DDE-ITEM</AttributeName>
  </ttWidgetAttributesRow>
  <ttWidgetAttributesRow>
    <AttributeName>DDE-NAME</AttributeName>
  </ttWidgetAttributesRow>
  <ttWidgetAttributesRow>
    <AttributeName>DDE-TOPIC</AttributeName>
  </ttWidgetAttributesRow>
  <ttWidgetAttributesRow>
    <AttributeName>DEBLANK</AttributeName>
  </ttWidgetAttributesRow>
  <ttWidgetAttributesRow>
    <AttributeName>DEBUG-ALERT</AttributeName>
  </ttWidgetAttributesRow>
  <ttWidgetAttributesRow>
    <AttributeName>DECIMALS</AttributeName>
  </ttWidgetAttributesRow>
  <ttWidgetAttributesRow>
    <AttributeName>DEFAULT</AttributeName>
  </ttWidgetAttributesRow>
  <ttWidgetAttributesRow>
    <AttributeName>DEFAULT-BUFFER-HANDLE</AttributeName>
  </ttWidgetAttributesRow>
  <ttWidgetAttributesRow>
    <AttributeName>DEFAULT-BUTTON</AttributeName>
  </ttWidgetAttributesRow>
  <ttWidgetAttributesRow>
    <AttributeName>DEFAULT-COMMIT</AttributeName>
  </ttWidgetAttributesRow>
  <ttWidgetAttributesRow>
    <AttributeName>DEFAULT-STRING</AttributeName>
  </ttWidgetAttributesRow>
  <ttWidgetAttributesRow>
    <AttributeName>DEFAULT-VALUE</AttributeName>
  </ttWidgetAttributesRow>
  <ttWidgetAttributesRow>
    <AttributeName>DELIMITER</AttributeName>
  </ttWidgetAttributesRow>
  <ttWidgetAttributesRow>
    <AttributeName>DISABLE-AUTO-ZAP</AttributeName>
  </ttWidgetAttributesRow>
  <ttWidgetAttributesRow>
    <AttributeName>DISPLAY-TIMEZONE</AttributeName>
  </ttWidgetAttributesRow>
  <ttWidgetAttributesRow>
    <AttributeName>DISPLAY-TYPE</AttributeName>
  </ttWidgetAttributesRow>
  <ttWidgetAttributesRow>
    <AttributeName>DOMAIN-DESCRIPTION</AttributeName>
  </ttWidgetAttributesRow>
  <ttWidgetAttributesRow>
    <AttributeName>DOMAIN-NAME</AttributeName>
  </ttWidgetAttributesRow>
  <ttWidgetAttributesRow>
    <AttributeName>DOMAIN-TYPE</AttributeName>
  </ttWidgetAttributesRow>
  <ttWidgetAttributesRow>
    <AttributeName>DOWN</AttributeName>
  </ttWidgetAttributesRow>
  <ttWidgetAttributesRow>
    <AttributeName>DRAG-ENABLED</AttributeName>
  </ttWidgetAttributesRow>
  <ttWidgetAttributesRow>
    <AttributeName>DROP-TARGET</AttributeName>
  </ttWidgetAttributesRow>
  <ttWidgetAttributesRow>
    <AttributeName>DYNAMIC</AttributeName>
  </ttWidgetAttributesRow>
  <ttWidgetAttributesRow>
    <AttributeName>EDGE-CHARS</AttributeName>
  </ttWidgetAttributesRow>
  <ttWidgetAttributesRow>
    <AttributeName>EDGE-PIXELS</AttributeName>
  </ttWidgetAttributesRow>
  <ttWidgetAttributesRow>
    <AttributeName>EDIT-CAN-PASTE</AttributeName>
  </ttWidgetAttributesRow>
  <ttWidgetAttributesRow>
    <AttributeName>EDIT-CAN-UNDO</AttributeName>
  </ttWidgetAttributesRow>
  <ttWidgetAttributesRow>
    <AttributeName>EMPTY</AttributeName>
  </ttWidgetAttributesRow>
  <ttWidgetAttributesRow>
    <AttributeName>ENCODING</AttributeName>
  </ttWidgetAttributesRow>
  <ttWidgetAttributesRow>
    <AttributeName>ENCRYPTION-SALT</AttributeName>
  </ttWidgetAttributesRow>
  <ttWidgetAttributesRow>
    <AttributeName>END-USER-PROMPT</AttributeName>
  </ttWidgetAttributesRow>
  <ttWidgetAttributesRow>
    <AttributeName>ENTRY-TYPES-LIST</AttributeName>
  </ttWidgetAttributesRow>
  <ttWidgetAttributesRow>
    <AttributeName>ERROR</AttributeName>
  </ttWidgetAttributesRow>
  <ttWidgetAttributesRow>
    <AttributeName>ERROR-COLUMN</AttributeName>
  </ttWidgetAttributesRow>
  <ttWidgetAttributesRow>
    <AttributeName>ERROR-OBJECT-DETAIL</AttributeName>
  </ttWidgetAttributesRow>
  <ttWidgetAttributesRow>
    <AttributeName>ERROR-ROW</AttributeName>
  </ttWidgetAttributesRow>
  <ttWidgetAttributesRow>
    <AttributeName>ERROR-STACK-TRACE</AttributeName>
  </ttWidgetAttributesRow>
  <ttWidgetAttributesRow>
    <AttributeName>ERROR-STRING</AttributeName>
  </ttWidgetAttributesRow>
  <ttWidgetAttributesRow>
    <AttributeName>EVENT-GROUP-ID</AttributeName>
  </ttWidgetAttributesRow>
  <ttWidgetAttributesRow>
    <AttributeName>EVENT-PROCEDURE</AttributeName>
  </ttWidgetAttributesRow>
  <ttWidgetAttributesRow>
    <AttributeName>EVENT-PROCEDURE-CONTEXT</AttributeName>
  </ttWidgetAttributesRow>
  <ttWidgetAttributesRow>
    <AttributeName>EVENT-TYPE</AttributeName>
  </ttWidgetAttributesRow>
  <ttWidgetAttributesRow>
    <AttributeName>EXCLUSIVE-ID</AttributeName>
  </ttWidgetAttributesRow>
  <ttWidgetAttributesRow>
    <AttributeName>EXECUTION-LOG</AttributeName>
  </ttWidgetAttributesRow>
  <ttWidgetAttributesRow>
    <AttributeName>EXPAND</AttributeName>
  </ttWidgetAttributesRow>
  <ttWidgetAttributesRow>
    <AttributeName>EXPANDABLE</AttributeName>
  </ttWidgetAttributesRow>
  <ttWidgetAttributesRow>
    <AttributeName>EXTENT</AttributeName>
  </ttWidgetAttributesRow>
  <ttWidgetAttributesRow>
    <AttributeName>FGCOLOR</AttributeName>
  </ttWidgetAttributesRow>
  <ttWidgetAttributesRow>
    <AttributeName>FILE-CREATE-DATE</AttributeName>
  </ttWidgetAttributesRow>
  <ttWidgetAttributesRow>
    <AttributeName>FILE-CREATE-TIME</AttributeName>
  </ttWidgetAttributesRow>
  <ttWidgetAttributesRow>
    <AttributeName>FILE-MOD-DATE</AttributeName>
  </ttWidgetAttributesRow>
  <ttWidgetAttributesRow>
    <AttributeName>FILE-MOD-TIME</AttributeName>
  </ttWidgetAttributesRow>
  <ttWidgetAttributesRow>
    <AttributeName>FILE-NAME</AttributeName>
  </ttWidgetAttributesRow>
  <ttWidgetAttributesRow>
    <AttributeName>FILE-OFFSET</AttributeName>
  </ttWidgetAttributesRow>
  <ttWidgetAttributesRow>
    <AttributeName>FILE-SIZE</AttributeName>
  </ttWidgetAttributesRow>
  <ttWidgetAttributesRow>
    <AttributeName>FILE-TYPE</AttributeName>
  </ttWidgetAttributesRow>
  <ttWidgetAttributesRow>
    <AttributeName>FILL-MODE</AttributeName>
  </ttWidgetAttributesRow>
  <ttWidgetAttributesRow>
    <AttributeName>FILL-WHERE-STRING</AttributeName>
  </ttWidgetAttributesRow>
  <ttWidgetAttributesRow>
    <AttributeName>FILLED</AttributeName>
  </ttWidgetAttributesRow>
  <ttWidgetAttributesRow>
    <AttributeName>FIRST-ASYNC-REQUEST</AttributeName>
  </ttWidgetAttributesRow>
  <ttWidgetAttributesRow>
    <AttributeName>FIRST-BUFFER</AttributeName>
  </ttWidgetAttributesRow>
  <ttWidgetAttributesRow>
    <AttributeName>FIRST-CHILD</AttributeName>
  </ttWidgetAttributesRow>
  <ttWidgetAttributesRow>
    <AttributeName>FIRST-COLUMN</AttributeName>
  </ttWidgetAttributesRow>
  <ttWidgetAttributesRow>
    <AttributeName>FIRST-DATA-SOURCE</AttributeName>
  </ttWidgetAttributesRow>
  <ttWidgetAttributesRow>
    <AttributeName>FIRST-DATASET</AttributeName>
  </ttWidgetAttributesRow>
  <ttWidgetAttributesRow>
    <AttributeName>FIRST-FORM</AttributeName>
  </ttWidgetAttributesRow>
  <ttWidgetAttributesRow>
    <AttributeName>FIRST-OBJECT</AttributeName>
  </ttWidgetAttributesRow>
  <ttWidgetAttributesRow>
    <AttributeName>FIRST-PROCEDURE</AttributeName>
  </ttWidgetAttributesRow>
  <ttWidgetAttributesRow>
    <AttributeName>FIRST-QUERY</AttributeName>
  </ttWidgetAttributesRow>
  <ttWidgetAttributesRow>
    <AttributeName>FIRST-SERVER</AttributeName>
  </ttWidgetAttributesRow>
  <ttWidgetAttributesRow>
    <AttributeName>FIRST-SERVER-SOCKET</AttributeName>
  </ttWidgetAttributesRow>
  <ttWidgetAttributesRow>
    <AttributeName>FIRST-SOCKET</AttributeName>
  </ttWidgetAttributesRow>
  <ttWidgetAttributesRow>
    <AttributeName>FIRST-TAB-ITEM</AttributeName>
  </ttWidgetAttributesRow>
  <ttWidgetAttributesRow>
    <AttributeName>FIT-LAST-COLUMN</AttributeName>
  </ttWidgetAttributesRow>
  <ttWidgetAttributesRow>
    <AttributeName>FLAT-BUTTON</AttributeName>
  </ttWidgetAttributesRow>
  <ttWidgetAttributesRow>
    <AttributeName>FOCUSED-ROW</AttributeName>
  </ttWidgetAttributesRow>
  <ttWidgetAttributesRow>
    <AttributeName>FOCUSED-ROW-SELECTED</AttributeName>
  </ttWidgetAttributesRow>
  <ttWidgetAttributesRow>
    <AttributeName>FONT</AttributeName>
  </ttWidgetAttributesRow>
  <ttWidgetAttributesRow>
    <AttributeName>FOREGROUND</AttributeName>
  </ttWidgetAttributesRow>
  <ttWidgetAttributesRow>
    <AttributeName>FOREIGN-KEY-HIDDEN</AttributeName>
  </ttWidgetAttributesRow>
  <ttWidgetAttributesRow>
    <AttributeName>FORM-INPUT</AttributeName>
  </ttWidgetAttributesRow>
  <ttWidgetAttributesRow>
    <AttributeName>FORM-LONG-INPUT</AttributeName>
  </ttWidgetAttributesRow>
  <ttWidgetAttributesRow>
    <AttributeName>FORMAT</AttributeName>
  </ttWidgetAttributesRow>
  <ttWidgetAttributesRow>
    <AttributeName>FORMATTED</AttributeName>
  </ttWidgetAttributesRow>
  <ttWidgetAttributesRow>
    <AttributeName>FORWARD-ONLY</AttributeName>
  </ttWidgetAttributesRow>
  <ttWidgetAttributesRow>
    <AttributeName>FRAGMENT</AttributeName>
  </ttWidgetAttributesRow>
  <ttWidgetAttributesRow>
    <AttributeName>FRAME</AttributeName>
  </ttWidgetAttributesRow>
  <ttWidgetAttributesRow>
    <AttributeName>FRAME-COL</AttributeName>
  </ttWidgetAttributesRow>
  <ttWidgetAttributesRow>
    <AttributeName>FRAME-NAME</AttributeName>
  </ttWidgetAttributesRow>
  <ttWidgetAttributesRow>
    <AttributeName>FRAME-ROW</AttributeName>
  </ttWidgetAttributesRow>
  <ttWidgetAttributesRow>
    <AttributeName>FRAME-SPACING</AttributeName>
  </ttWidgetAttributesRow>
  <ttWidgetAttributesRow>
    <AttributeName>FRAME-X</AttributeName>
  </ttWidgetAttributesRow>
  <ttWidgetAttributesRow>
    <AttributeName>FRAME-Y</AttributeName>
  </ttWidgetAttributesRow>
  <ttWidgetAttributesRow>
    <AttributeName>FREQUENCY</AttributeName>
  </ttWidgetAttributesRow>
  <ttWidgetAttributesRow>
    <AttributeName>FULL-HEIGHT-CHARS</AttributeName>
  </ttWidgetAttributesRow>
  <ttWidgetAttributesRow>
    <AttributeName>FULL-HEIGHT-PIXELS</AttributeName>
  </ttWidgetAttributesRow>
  <ttWidgetAttributesRow>
    <AttributeName>FULL-PATHNAME</AttributeName>
  </ttWidgetAttributesRow>
  <ttWidgetAttributesRow>
    <AttributeName>FULL-WIDTH-CHARS</AttributeName>
  </ttWidgetAttributesRow>
  <ttWidgetAttributesRow>
    <AttributeName>FULL-WIDTH-PIXELS</AttributeName>
  </ttWidgetAttributesRow>
  <ttWidgetAttributesRow>
    <AttributeName>FUNCTION</AttributeName>
  </ttWidgetAttributesRow>
  <ttWidgetAttributesRow>
    <AttributeName>GRAPHIC-EDGE</AttributeName>
  </ttWidgetAttributesRow>
  <ttWidgetAttributesRow>
    <AttributeName>GRID-FACTOR-HORIZONTAL</AttributeName>
  </ttWidgetAttributesRow>
  <ttWidgetAttributesRow>
    <AttributeName>GRID-FACTOR-VERTICAL</AttributeName>
  </ttWidgetAttributesRow>
  <ttWidgetAttributesRow>
    <AttributeName>GRID-SNAP</AttributeName>
  </ttWidgetAttributesRow>
  <ttWidgetAttributesRow>
    <AttributeName>GRID-UNIT-HEIGHT-CHARS</AttributeName>
  </ttWidgetAttributesRow>
  <ttWidgetAttributesRow>
    <AttributeName>GRID-UNIT-HEIGHT-PIXELS</AttributeName>
  </ttWidgetAttributesRow>
  <ttWidgetAttributesRow>
    <AttributeName>GRID-UNIT-WIDTH-CHARS</AttributeName>
  </ttWidgetAttributesRow>
  <ttWidgetAttributesRow>
    <AttributeName>GRID-UNIT-WIDTH-PIXELS</AttributeName>
  </ttWidgetAttributesRow>
  <ttWidgetAttributesRow>
    <AttributeName>GRID-VISIBLE</AttributeName>
  </ttWidgetAttributesRow>
  <ttWidgetAttributesRow>
    <AttributeName>GROUP-BOX</AttributeName>
  </ttWidgetAttributesRow>
  <ttWidgetAttributesRow>
    <AttributeName>HANDLE</AttributeName>
  </ttWidgetAttributesRow>
  <ttWidgetAttributesRow>
    <AttributeName>HANDLER</AttributeName>
  </ttWidgetAttributesRow>
  <ttWidgetAttributesRow>
    <AttributeName>HAS-LOBS</AttributeName>
  </ttWidgetAttributesRow>
  <ttWidgetAttributesRow>
    <AttributeName>HAS-RECORDS</AttributeName>
  </ttWidgetAttributesRow>
  <ttWidgetAttributesRow>
    <AttributeName>HEIGHT-CHARS</AttributeName>
  </ttWidgetAttributesRow>
  <ttWidgetAttributesRow>
    <AttributeName>HEIGHT-PIXELS</AttributeName>
  </ttWidgetAttributesRow>
  <ttWidgetAttributesRow>
    <AttributeName>HELP</AttributeName>
  </ttWidgetAttributesRow>
  <ttWidgetAttributesRow>
    <AttributeName>HIDDEN</AttributeName>
  </ttWidgetAttributesRow>
  <ttWidgetAttributesRow>
    <AttributeName>HORIZONTAL</AttributeName>
  </ttWidgetAttributesRow>
  <ttWidgetAttributesRow>
    <AttributeName>HTML-CHARSET</AttributeName>
  </ttWidgetAttributesRow>
  <ttWidgetAttributesRow>
    <AttributeName>HTML-END-OF-LINE</AttributeName>
  </ttWidgetAttributesRow>
  <ttWidgetAttributesRow>
    <AttributeName>HTML-END-OF-PAGE</AttributeName>
  </ttWidgetAttributesRow>
  <ttWidgetAttributesRow>
    <AttributeName>HTML-FRAME-BEGIN</AttributeName>
  </ttWidgetAttributesRow>
  <ttWidgetAttributesRow>
    <AttributeName>HTML-FRAME-END</AttributeName>
  </ttWidgetAttributesRow>
  <ttWidgetAttributesRow>
    <AttributeName>HTML-HEADER-BEGIN</AttributeName>
  </ttWidgetAttributesRow>
  <ttWidgetAttributesRow>
    <AttributeName>HTML-HEADER-END</AttributeName>
  </ttWidgetAttributesRow>
  <ttWidgetAttributesRow>
    <AttributeName>HTML-TITLE-BEGIN</AttributeName>
  </ttWidgetAttributesRow>
  <ttWidgetAttributesRow>
    <AttributeName>HTML-TITLE-END</AttributeName>
  </ttWidgetAttributesRow>
  <ttWidgetAttributesRow>
    <AttributeName>HWND</AttributeName>
  </ttWidgetAttributesRow>
  <ttWidgetAttributesRow>
    <AttributeName>ICFPARAMETER</AttributeName>
  </ttWidgetAttributesRow>
  <ttWidgetAttributesRow>
    <AttributeName>ICON</AttributeName>
  </ttWidgetAttributesRow>
  <ttWidgetAttributesRow>
    <AttributeName>IGNORE-CURRENT-MODIFIED</AttributeName>
  </ttWidgetAttributesRow>
  <ttWidgetAttributesRow>
    <AttributeName>IMAGE</AttributeName>
  </ttWidgetAttributesRow>
  <ttWidgetAttributesRow>
    <AttributeName>IMAGE-DOWN</AttributeName>
  </ttWidgetAttributesRow>
  <ttWidgetAttributesRow>
    <AttributeName>IMAGE-INSENSITIVE</AttributeName>
  </ttWidgetAttributesRow>
  <ttWidgetAttributesRow>
    <AttributeName>IMAGE-UP</AttributeName>
  </ttWidgetAttributesRow>
  <ttWidgetAttributesRow>
    <AttributeName>IMMEDIATE-DISPLAY</AttributeName>
  </ttWidgetAttributesRow>
  <ttWidgetAttributesRow>
    <AttributeName>IN-HANDLE</AttributeName>
  </ttWidgetAttributesRow>
  <ttWidgetAttributesRow>
    <AttributeName>INDEX</AttributeName>
  </ttWidgetAttributesRow>
  <ttWidgetAttributesRow>
    <AttributeName>INDEX-INFORMATION</AttributeName>
  </ttWidgetAttributesRow>
  <ttWidgetAttributesRow>
    <AttributeName>INHERIT-BGCOLOR</AttributeName>
  </ttWidgetAttributesRow>
  <ttWidgetAttributesRow>
    <AttributeName>INHERIT-FGCOLOR</AttributeName>
  </ttWidgetAttributesRow>
  <ttWidgetAttributesRow>
    <AttributeName>INITIAL</AttributeName>
  </ttWidgetAttributesRow>
  <ttWidgetAttributesRow>
    <AttributeName>INNER-CHARS</AttributeName>
  </ttWidgetAttributesRow>
  <ttWidgetAttributesRow>
    <AttributeName>INNER-LINES</AttributeName>
  </ttWidgetAttributesRow>
  <ttWidgetAttributesRow>
    <AttributeName>INPUT-VALUE</AttributeName>
  </ttWidgetAttributesRow>
  <ttWidgetAttributesRow>
    <AttributeName>INSTANTIATING-PROCEDURE</AttributeName>
  </ttWidgetAttributesRow>
  <ttWidgetAttributesRow>
    <AttributeName>INTERNAL-ENTRIES</AttributeName>
  </ttWidgetAttributesRow>
  <ttWidgetAttributesRow>
    <AttributeName>IS-CLASS</AttributeName>
  </ttWidgetAttributesRow>
  <ttWidgetAttributesRow>
    <AttributeName>IS-JSON</AttributeName>
  </ttWidgetAttributesRow>
  <ttWidgetAttributesRow>
    <AttributeName>IS-MULTI-TENANT</AttributeName>
  </ttWidgetAttributesRow>
  <ttWidgetAttributesRow>
    <AttributeName>IS-OPEN</AttributeName>
  </ttWidgetAttributesRow>
  <ttWidgetAttributesRow>
    <AttributeName>IS-PARAMETER-SET</AttributeName>
  </ttWidgetAttributesRow>
  <ttWidgetAttributesRow>
    <AttributeName>IS-PARTITIONED</AttributeName>
  </ttWidgetAttributesRow>
  <ttWidgetAttributesRow>
    <AttributeName>IS-XML</AttributeName>
  </ttWidgetAttributesRow>
  <ttWidgetAttributesRow>
    <AttributeName>ITEMS-PER-ROW</AttributeName>
  </ttWidgetAttributesRow>
  <ttWidgetAttributesRow>
    <AttributeName>KEEP-CONNECTION-OPEN</AttributeName>
  </ttWidgetAttributesRow>
  <ttWidgetAttributesRow>
    <AttributeName>KEEP-FRAME-Z-ORDER</AttributeName>
  </ttWidgetAttributesRow>
  <ttWidgetAttributesRow>
    <AttributeName>KEEP-SECURITY-CACHE</AttributeName>
  </ttWidgetAttributesRow>
  <ttWidgetAttributesRow>
    <AttributeName>KEY</AttributeName>
  </ttWidgetAttributesRow>
  <ttWidgetAttributesRow>
    <AttributeName>KEYS</AttributeName>
  </ttWidgetAttributesRow>
  <ttWidgetAttributesRow>
    <AttributeName>LABEL</AttributeName>
  </ttWidgetAttributesRow>
  <ttWidgetAttributesRow>
    <AttributeName>LABEL-BGCOLOR</AttributeName>
  </ttWidgetAttributesRow>
  <ttWidgetAttributesRow>
    <AttributeName>LABEL-DCOLOR</AttributeName>
  </ttWidgetAttributesRow>
  <ttWidgetAttributesRow>
    <AttributeName>LABEL-FGCOLOR</AttributeName>
  </ttWidgetAttributesRow>
  <ttWidgetAttributesRow>
    <AttributeName>LABEL-FONT</AttributeName>
  </ttWidgetAttributesRow>
  <ttWidgetAttributesRow>
    <AttributeName>LABELS</AttributeName>
  </ttWidgetAttributesRow>
  <ttWidgetAttributesRow>
    <AttributeName>LABELS-HAVE-COLONS</AttributeName>
  </ttWidgetAttributesRow>
  <ttWidgetAttributesRow>
    <AttributeName>LANGUAGES</AttributeName>
  </ttWidgetAttributesRow>
  <ttWidgetAttributesRow>
    <AttributeName>LARGE</AttributeName>
  </ttWidgetAttributesRow>
  <ttWidgetAttributesRow>
    <AttributeName>LARGE-TO-SMALL</AttributeName>
  </ttWidgetAttributesRow>
  <ttWidgetAttributesRow>
    <AttributeName>LAST-ASYNC-REQUEST</AttributeName>
  </ttWidgetAttributesRow>
  <ttWidgetAttributesRow>
    <AttributeName>LAST-BATCH</AttributeName>
  </ttWidgetAttributesRow>
  <ttWidgetAttributesRow>
    <AttributeName>LAST-CHILD</AttributeName>
  </ttWidgetAttributesRow>
  <ttWidgetAttributesRow>
    <AttributeName>LAST-FORM</AttributeName>
  </ttWidgetAttributesRow>
  <ttWidgetAttributesRow>
    <AttributeName>LAST-OBJECT</AttributeName>
  </ttWidgetAttributesRow>
  <ttWidgetAttributesRow>
    <AttributeName>LAST-PROCEDURE</AttributeName>
  </ttWidgetAttributesRow>
  <ttWidgetAttributesRow>
    <AttributeName>LAST-SERVER</AttributeName>
  </ttWidgetAttributesRow>
  <ttWidgetAttributesRow>
    <AttributeName>LAST-SERVER-SOCKET</AttributeName>
  </ttWidgetAttributesRow>
  <ttWidgetAttributesRow>
    <AttributeName>LAST-SOCKET</AttributeName>
  </ttWidgetAttributesRow>
  <ttWidgetAttributesRow>
    <AttributeName>LAST-TAB-ITEM</AttributeName>
  </ttWidgetAttributesRow>
  <ttWidgetAttributesRow>
    <AttributeName>LENGTH</AttributeName>
  </ttWidgetAttributesRow>
  <ttWidgetAttributesRow>
    <AttributeName>LIBRARY</AttributeName>
  </ttWidgetAttributesRow>
  <ttWidgetAttributesRow>
    <AttributeName>LIBRARY-CALLING-CONVENTION</AttributeName>
  </ttWidgetAttributesRow>
  <ttWidgetAttributesRow>
    <AttributeName>LINE</AttributeName>
  </ttWidgetAttributesRow>
  <ttWidgetAttributesRow>
    <AttributeName>LIST-ITEM-PAIRS</AttributeName>
  </ttWidgetAttributesRow>
  <ttWidgetAttributesRow>
    <AttributeName>LIST-ITEMS</AttributeName>
  </ttWidgetAttributesRow>
  <ttWidgetAttributesRow>
    <AttributeName>LOCAL-HOST</AttributeName>
  </ttWidgetAttributesRow>
  <ttWidgetAttributesRow>
    <AttributeName>LOCAL-NAME</AttributeName>
  </ttWidgetAttributesRow>
  <ttWidgetAttributesRow>
    <AttributeName>LOCAL-PORT</AttributeName>
  </ttWidgetAttributesRow>
  <ttWidgetAttributesRow>
    <AttributeName>LOCAL-VERSION-INFO</AttributeName>
  </ttWidgetAttributesRow>
  <ttWidgetAttributesRow>
    <AttributeName>LOCATOR-COLUMN-NUMBER</AttributeName>
  </ttWidgetAttributesRow>
  <ttWidgetAttributesRow>
    <AttributeName>LOCATOR-LINE-NUMBER</AttributeName>
  </ttWidgetAttributesRow>
  <ttWidgetAttributesRow>
    <AttributeName>LOCATOR-PUBLIC-ID</AttributeName>
  </ttWidgetAttributesRow>
  <ttWidgetAttributesRow>
    <AttributeName>LOCATOR-SYSTEM-ID</AttributeName>
  </ttWidgetAttributesRow>
  <ttWidgetAttributesRow>
    <AttributeName>LOCATOR-TYPE</AttributeName>
  </ttWidgetAttributesRow>
  <ttWidgetAttributesRow>
    <AttributeName>LOCKED</AttributeName>
  </ttWidgetAttributesRow>
  <ttWidgetAttributesRow>
    <AttributeName>LOG-ENTRY-TYPES</AttributeName>
  </ttWidgetAttributesRow>
  <ttWidgetAttributesRow>
    <AttributeName>LOG-THRESHOLD</AttributeName>
  </ttWidgetAttributesRow>
  <ttWidgetAttributesRow>
    <AttributeName>LOGFILE-NAME</AttributeName>
  </ttWidgetAttributesRow>
  <ttWidgetAttributesRow>
    <AttributeName>LOGGING-LEVEL</AttributeName>
  </ttWidgetAttributesRow>
  <ttWidgetAttributesRow>
    <AttributeName>LOGIN-EXPIRATION-TIMESTAMP</AttributeName>
  </ttWidgetAttributesRow>
  <ttWidgetAttributesRow>
    <AttributeName>LOGIN-HOST</AttributeName>
  </ttWidgetAttributesRow>
  <ttWidgetAttributesRow>
    <AttributeName>LOGIN-STATE</AttributeName>
  </ttWidgetAttributesRow>
  <ttWidgetAttributesRow>
    <AttributeName>MANDATORY</AttributeName>
  </ttWidgetAttributesRow>
  <ttWidgetAttributesRow>
    <AttributeName>MANUAL-HIGHLIGHT</AttributeName>
  </ttWidgetAttributesRow>
  <ttWidgetAttributesRow>
    <AttributeName>MAX-BUTTON</AttributeName>
  </ttWidgetAttributesRow>
  <ttWidgetAttributesRow>
    <AttributeName>MAX-CHARS</AttributeName>
  </ttWidgetAttributesRow>
  <ttWidgetAttributesRow>
    <AttributeName>MAX-DATA-GUESS</AttributeName>
  </ttWidgetAttributesRow>
  <ttWidgetAttributesRow>
    <AttributeName>MAX-HEIGHT-CHARS</AttributeName>
  </ttWidgetAttributesRow>
  <ttWidgetAttributesRow>
    <AttributeName>MAX-HEIGHT-PIXELS</AttributeName>
  </ttWidgetAttributesRow>
  <ttWidgetAttributesRow>
    <AttributeName>MAX-VALUE</AttributeName>
  </ttWidgetAttributesRow>
  <ttWidgetAttributesRow>
    <AttributeName>MAX-WIDTH-CHARS</AttributeName>
  </ttWidgetAttributesRow>
  <ttWidgetAttributesRow>
    <AttributeName>MAX-WIDTH-PIXELS</AttributeName>
  </ttWidgetAttributesRow>
  <ttWidgetAttributesRow>
    <AttributeName>MAXIMUM-LEVEL</AttributeName>
  </ttWidgetAttributesRow>
  <ttWidgetAttributesRow>
    <AttributeName>MD5-VALUE</AttributeName>
  </ttWidgetAttributesRow>
  <ttWidgetAttributesRow>
    <AttributeName>MENU-BAR</AttributeName>
  </ttWidgetAttributesRow>
  <ttWidgetAttributesRow>
    <AttributeName>MENU-KEY</AttributeName>
  </ttWidgetAttributesRow>
  <ttWidgetAttributesRow>
    <AttributeName>MENU-MOUSE</AttributeName>
  </ttWidgetAttributesRow>
  <ttWidgetAttributesRow>
    <AttributeName>MERGE-BY-FIELD</AttributeName>
  </ttWidgetAttributesRow>
  <ttWidgetAttributesRow>
    <AttributeName>MESSAGE-AREA</AttributeName>
  </ttWidgetAttributesRow>
  <ttWidgetAttributesRow>
    <AttributeName>MESSAGE-AREA-FONT</AttributeName>
  </ttWidgetAttributesRow>
  <ttWidgetAttributesRow>
    <AttributeName>MIN-BUTTON</AttributeName>
  </ttWidgetAttributesRow>
  <ttWidgetAttributesRow>
    <AttributeName>MIN-COLUMN-WIDTH-CHARS</AttributeName>
  </ttWidgetAttributesRow>
  <ttWidgetAttributesRow>
    <AttributeName>MIN-COLUMN-WIDTH-PIXELS</AttributeName>
  </ttWidgetAttributesRow>
  <ttWidgetAttributesRow>
    <AttributeName>MIN-HEIGHT-CHARS</AttributeName>
  </ttWidgetAttributesRow>
  <ttWidgetAttributesRow>
    <AttributeName>MIN-HEIGHT-PIXELS</AttributeName>
  </ttWidgetAttributesRow>
  <ttWidgetAttributesRow>
    <AttributeName>MIN-SCHEMA-MARSHAL</AttributeName>
  </ttWidgetAttributesRow>
  <ttWidgetAttributesRow>
    <AttributeName>MIN-VALUE</AttributeName>
  </ttWidgetAttributesRow>
  <ttWidgetAttributesRow>
    <AttributeName>MIN-WIDTH-CHARS</AttributeName>
  </ttWidgetAttributesRow>
  <ttWidgetAttributesRow>
    <AttributeName>MIN-WIDTH-PIXELS</AttributeName>
  </ttWidgetAttributesRow>
  <ttWidgetAttributesRow>
    <AttributeName>MODIFIED</AttributeName>
  </ttWidgetAttributesRow>
  <ttWidgetAttributesRow>
    <AttributeName>MOUSE-POINTER</AttributeName>
  </ttWidgetAttributesRow>
  <ttWidgetAttributesRow>
    <AttributeName>MOVABLE</AttributeName>
  </ttWidgetAttributesRow>
  <ttWidgetAttributesRow>
    <AttributeName>MULTI-COMPILE</AttributeName>
  </ttWidgetAttributesRow>
  <ttWidgetAttributesRow>
    <AttributeName>MULTIPLE</AttributeName>
  </ttWidgetAttributesRow>
  <ttWidgetAttributesRow>
    <AttributeName>MULTITASKING-INTERVAL</AttributeName>
  </ttWidgetAttributesRow>
  <ttWidgetAttributesRow>
    <AttributeName>MUST-UNDERSTAND</AttributeName>
  </ttWidgetAttributesRow>
  <ttWidgetAttributesRow>
    <AttributeName>NAME</AttributeName>
  </ttWidgetAttributesRow>
  <ttWidgetAttributesRow>
    <AttributeName>NAMESPACE-PREFIX</AttributeName>
  </ttWidgetAttributesRow>
  <ttWidgetAttributesRow>
    <AttributeName>NAMESPACE-URI</AttributeName>
  </ttWidgetAttributesRow>
  <ttWidgetAttributesRow>
    <AttributeName>NEEDS-APPSERVER-PROMPT</AttributeName>
  </ttWidgetAttributesRow>
  <ttWidgetAttributesRow>
    <AttributeName>NEEDS-PROMPT</AttributeName>
  </ttWidgetAttributesRow>
  <ttWidgetAttributesRow>
    <AttributeName>NESTED</AttributeName>
  </ttWidgetAttributesRow>
  <ttWidgetAttributesRow>
    <AttributeName>NEW</AttributeName>
  </ttWidgetAttributesRow>
  <ttWidgetAttributesRow>
    <AttributeName>NEW-ROW</AttributeName>
  </ttWidgetAttributesRow>
  <ttWidgetAttributesRow>
    <AttributeName>NEXT-COLUMN</AttributeName>
  </ttWidgetAttributesRow>
  <ttWidgetAttributesRow>
    <AttributeName>NEXT-ROWID</AttributeName>
  </ttWidgetAttributesRow>
  <ttWidgetAttributesRow>
    <AttributeName>NEXT-SIBLING</AttributeName>
  </ttWidgetAttributesRow>
  <ttWidgetAttributesRow>
    <AttributeName>NEXT-TAB-ITEM</AttributeName>
  </ttWidgetAttributesRow>
  <ttWidgetAttributesRow>
    <AttributeName>NO-CURRENT-VALUE</AttributeName>
  </ttWidgetAttributesRow>
  <ttWidgetAttributesRow>
    <AttributeName>NO-EMPTY-SPACE</AttributeName>
  </ttWidgetAttributesRow>
  <ttWidgetAttributesRow>
    <AttributeName>NO-FOCUS</AttributeName>
  </ttWidgetAttributesRow>
  <ttWidgetAttributesRow>
    <AttributeName>NO-SCHEMA-MARSHAL</AttributeName>
  </ttWidgetAttributesRow>
  <ttWidgetAttributesRow>
    <AttributeName>NO-VALIDATE</AttributeName>
  </ttWidgetAttributesRow>
  <ttWidgetAttributesRow>
    <AttributeName>NODE-VALUE</AttributeName>
  </ttWidgetAttributesRow>
  <ttWidgetAttributesRow>
    <AttributeName>NONAMESPACE-SCHEMA-LOCATION</AttributeName>
  </ttWidgetAttributesRow>
  <ttWidgetAttributesRow>
    <AttributeName>NUM-BUFFERS</AttributeName>
  </ttWidgetAttributesRow>
  <ttWidgetAttributesRow>
    <AttributeName>NUM-BUTTONS</AttributeName>
  </ttWidgetAttributesRow>
  <ttWidgetAttributesRow>
    <AttributeName>NUM-CHILD-RELATIONS</AttributeName>
  </ttWidgetAttributesRow>
  <ttWidgetAttributesRow>
    <AttributeName>NUM-CHILDREN</AttributeName>
  </ttWidgetAttributesRow>
  <ttWidgetAttributesRow>
    <AttributeName>NUM-COLUMNS</AttributeName>
  </ttWidgetAttributesRow>
  <ttWidgetAttributesRow>
    <AttributeName>NUM-DROPPED-FILES</AttributeName>
  </ttWidgetAttributesRow>
  <ttWidgetAttributesRow>
    <AttributeName>NUM-ENTRIES</AttributeName>
  </ttWidgetAttributesRow>
  <ttWidgetAttributesRow>
    <AttributeName>NUM-FIELDS</AttributeName>
  </ttWidgetAttributesRow>
  <ttWidgetAttributesRow>
    <AttributeName>NUM-FORMATS</AttributeName>
  </ttWidgetAttributesRow>
  <ttWidgetAttributesRow>
    <AttributeName>NUM-HEADER-ENTRIES</AttributeName>
  </ttWidgetAttributesRow>
  <ttWidgetAttributesRow>
    <AttributeName>NUM-ITEMS</AttributeName>
  </ttWidgetAttributesRow>
  <ttWidgetAttributesRow>
    <AttributeName>NUM-ITERATIONS</AttributeName>
  </ttWidgetAttributesRow>
  <ttWidgetAttributesRow>
    <AttributeName>NUM-LINES</AttributeName>
  </ttWidgetAttributesRow>
  <ttWidgetAttributesRow>
    <AttributeName>NUM-LOCKED-COLUMNS</AttributeName>
  </ttWidgetAttributesRow>
  <ttWidgetAttributesRow>
    <AttributeName>NUM-LOG-FILES</AttributeName>
  </ttWidgetAttributesRow>
  <ttWidgetAttributesRow>
    <AttributeName>NUM-MESSAGES</AttributeName>
  </ttWidgetAttributesRow>
  <ttWidgetAttributesRow>
    <AttributeName>NUM-PARAMETERS</AttributeName>
  </ttWidgetAttributesRow>
  <ttWidgetAttributesRow>
    <AttributeName>NUM-REFERENCES</AttributeName>
  </ttWidgetAttributesRow>
  <ttWidgetAttributesRow>
    <AttributeName>NUM-RELATIONS</AttributeName>
  </ttWidgetAttributesRow>
  <ttWidgetAttributesRow>
    <AttributeName>NUM-REPLACED</AttributeName>
  </ttWidgetAttributesRow>
  <ttWidgetAttributesRow>
    <AttributeName>NUM-RESULTS</AttributeName>
  </ttWidgetAttributesRow>
  <ttWidgetAttributesRow>
    <AttributeName>NUM-SELECTED-ROWS</AttributeName>
  </ttWidgetAttributesRow>
  <ttWidgetAttributesRow>
    <AttributeName>NUM-SELECTED-WIDGETS</AttributeName>
  </ttWidgetAttributesRow>
  <ttWidgetAttributesRow>
    <AttributeName>NUM-SOURCE-BUFFERS</AttributeName>
  </ttWidgetAttributesRow>
  <ttWidgetAttributesRow>
    <AttributeName>NUM-TABS</AttributeName>
  </ttWidgetAttributesRow>
  <ttWidgetAttributesRow>
    <AttributeName>NUM-TO-RETAIN</AttributeName>
  </ttWidgetAttributesRow>
  <ttWidgetAttributesRow>
    <AttributeName>NUM-TOP-BUFFERS</AttributeName>
  </ttWidgetAttributesRow>
  <ttWidgetAttributesRow>
    <AttributeName>NUM-VISIBLE-COLUMNS</AttributeName>
  </ttWidgetAttributesRow>
  <ttWidgetAttributesRow>
    <AttributeName>NUMERIC-DECIMAL-POINT</AttributeName>
  </ttWidgetAttributesRow>
  <ttWidgetAttributesRow>
    <AttributeName>NUMERIC-FORMAT</AttributeName>
  </ttWidgetAttributesRow>
  <ttWidgetAttributesRow>
    <AttributeName>NUMERIC-SEPARATOR</AttributeName>
  </ttWidgetAttributesRow>
  <ttWidgetAttributesRow>
    <AttributeName>ON-FRAME-BORDER</AttributeName>
  </ttWidgetAttributesRow>
  <ttWidgetAttributesRow>
    <AttributeName>ORDINAL</AttributeName>
  </ttWidgetAttributesRow>
  <ttWidgetAttributesRow>
    <AttributeName>ORIGIN-HANDLE</AttributeName>
  </ttWidgetAttributesRow>
  <ttWidgetAttributesRow>
    <AttributeName>ORIGIN-ROWID</AttributeName>
  </ttWidgetAttributesRow>
  <ttWidgetAttributesRow>
    <AttributeName>OVERLAY</AttributeName>
  </ttWidgetAttributesRow>
  <ttWidgetAttributesRow>
    <AttributeName>OWNER</AttributeName>
  </ttWidgetAttributesRow>
  <ttWidgetAttributesRow>
    <AttributeName>OWNER-DOCUMENT</AttributeName>
  </ttWidgetAttributesRow>
  <ttWidgetAttributesRow>
    <AttributeName>PAGE-BOTTOM</AttributeName>
  </ttWidgetAttributesRow>
  <ttWidgetAttributesRow>
    <AttributeName>PAGE-TOP</AttributeName>
  </ttWidgetAttributesRow>
  <ttWidgetAttributesRow>
    <AttributeName>PARAMETER</AttributeName>
  </ttWidgetAttributesRow>
  <ttWidgetAttributesRow>
    <AttributeName>PARENT</AttributeName>
  </ttWidgetAttributesRow>
  <ttWidgetAttributesRow>
    <AttributeName>PARENT-BUFFER</AttributeName>
  </ttWidgetAttributesRow>
  <ttWidgetAttributesRow>
    <AttributeName>PARENT-FIELDS-AFTER</AttributeName>
  </ttWidgetAttributesRow>
  <ttWidgetAttributesRow>
    <AttributeName>PARENT-FIELDS-BEFORE</AttributeName>
  </ttWidgetAttributesRow>
  <ttWidgetAttributesRow>
    <AttributeName>PARENT-ID-RELATION</AttributeName>
  </ttWidgetAttributesRow>
  <ttWidgetAttributesRow>
    <AttributeName>PARENT-RELATION</AttributeName>
  </ttWidgetAttributesRow>
  <ttWidgetAttributesRow>
    <AttributeName>PARSE-STATUS</AttributeName>
  </ttWidgetAttributesRow>
  <ttWidgetAttributesRow>
    <AttributeName>PASSWORD-FIELD</AttributeName>
  </ttWidgetAttributesRow>
  <ttWidgetAttributesRow>
    <AttributeName>PATHNAME</AttributeName>
  </ttWidgetAttributesRow>
  <ttWidgetAttributesRow>
    <AttributeName>PBE-HASH-ALGORITHM</AttributeName>
  </ttWidgetAttributesRow>
  <ttWidgetAttributesRow>
    <AttributeName>PBE-KEY-ROUNDS</AttributeName>
  </ttWidgetAttributesRow>
  <ttWidgetAttributesRow>
    <AttributeName>PERSISTENT</AttributeName>
  </ttWidgetAttributesRow>
  <ttWidgetAttributesRow>
    <AttributeName>PERSISTENT-CACHE-DISABLED</AttributeName>
  </ttWidgetAttributesRow>
  <ttWidgetAttributesRow>
    <AttributeName>PERSISTENT-PROCEDURE</AttributeName>
  </ttWidgetAttributesRow>
  <ttWidgetAttributesRow>
    <AttributeName>PFCOLOR</AttributeName>
  </ttWidgetAttributesRow>
  <ttWidgetAttributesRow>
    <AttributeName>PIXELS-PER-COLUMN</AttributeName>
  </ttWidgetAttributesRow>
  <ttWidgetAttributesRow>
    <AttributeName>PIXELS-PER-ROW</AttributeName>
  </ttWidgetAttributesRow>
  <ttWidgetAttributesRow>
    <AttributeName>POPUP-MENU</AttributeName>
  </ttWidgetAttributesRow>
  <ttWidgetAttributesRow>
    <AttributeName>POPUP-ONLY</AttributeName>
  </ttWidgetAttributesRow>
  <ttWidgetAttributesRow>
    <AttributeName>POSITION</AttributeName>
  </ttWidgetAttributesRow>
  <ttWidgetAttributesRow>
    <AttributeName>PREFER-DATASET</AttributeName>
  </ttWidgetAttributesRow>
  <ttWidgetAttributesRow>
    <AttributeName>PREPARE-STRING</AttributeName>
  </ttWidgetAttributesRow>
  <ttWidgetAttributesRow>
    <AttributeName>PREPARED</AttributeName>
  </ttWidgetAttributesRow>
  <ttWidgetAttributesRow>
    <AttributeName>PREV-COLUMN</AttributeName>
  </ttWidgetAttributesRow>
  <ttWidgetAttributesRow>
    <AttributeName>PREV-SIBLING</AttributeName>
  </ttWidgetAttributesRow>
  <ttWidgetAttributesRow>
    <AttributeName>PREV-TAB-ITEM</AttributeName>
  </ttWidgetAttributesRow>
  <ttWidgetAttributesRow>
    <AttributeName>PRIMARY</AttributeName>
  </ttWidgetAttributesRow>
  <ttWidgetAttributesRow>
    <AttributeName>PRIMARY-PASSPHRASE</AttributeName>
  </ttWidgetAttributesRow>
  <ttWidgetAttributesRow>
    <AttributeName>PRINTER-CONTROL-HANDLE</AttributeName>
  </ttWidgetAttributesRow>
  <ttWidgetAttributesRow>
    <AttributeName>PRINTER-HDC</AttributeName>
  </ttWidgetAttributesRow>
  <ttWidgetAttributesRow>
    <AttributeName>PRINTER-NAME</AttributeName>
  </ttWidgetAttributesRow>
  <ttWidgetAttributesRow>
    <AttributeName>PRINTER-PORT</AttributeName>
  </ttWidgetAttributesRow>
  <ttWidgetAttributesRow>
    <AttributeName>PRIVATE-DATA</AttributeName>
  </ttWidgetAttributesRow>
  <ttWidgetAttributesRow>
    <AttributeName>PROCEDURE-NAME</AttributeName>
  </ttWidgetAttributesRow>
  <ttWidgetAttributesRow>
    <AttributeName>PROCEDURE-TYPE</AttributeName>
  </ttWidgetAttributesRow>
  <ttWidgetAttributesRow>
    <AttributeName>PROGRESS-SOURCE</AttributeName>
  </ttWidgetAttributesRow>
  <ttWidgetAttributesRow>
    <AttributeName>PROXY</AttributeName>
  </ttWidgetAttributesRow>
  <ttWidgetAttributesRow>
    <AttributeName>PROXY-PASSWORD</AttributeName>
  </ttWidgetAttributesRow>
  <ttWidgetAttributesRow>
    <AttributeName>PROXY-USERID</AttributeName>
  </ttWidgetAttributesRow>
  <ttWidgetAttributesRow>
    <AttributeName>PUBLIC-ID</AttributeName>
  </ttWidgetAttributesRow>
  <ttWidgetAttributesRow>
    <AttributeName>PUBLISHED-EVENTS</AttributeName>
  </ttWidgetAttributesRow>
  <ttWidgetAttributesRow>
    <AttributeName>QUALIFIED-USER-ID</AttributeName>
  </ttWidgetAttributesRow>
  <ttWidgetAttributesRow>
    <AttributeName>QUERY</AttributeName>
  </ttWidgetAttributesRow>
  <ttWidgetAttributesRow>
    <AttributeName>QUERY-OFF-END</AttributeName>
  </ttWidgetAttributesRow>
  <ttWidgetAttributesRow>
    <AttributeName>QUIT</AttributeName>
  </ttWidgetAttributesRow>
  <ttWidgetAttributesRow>
    <AttributeName>RADIO-BUTTONS</AttributeName>
  </ttWidgetAttributesRow>
  <ttWidgetAttributesRow>
    <AttributeName>READ-ONLY</AttributeName>
  </ttWidgetAttributesRow>
  <ttWidgetAttributesRow>
    <AttributeName>RECID</AttributeName>
  </ttWidgetAttributesRow>
  <ttWidgetAttributesRow>
    <AttributeName>RECORD-LENGTH</AttributeName>
  </ttWidgetAttributesRow>
  <ttWidgetAttributesRow>
    <AttributeName>RECURSIVE</AttributeName>
  </ttWidgetAttributesRow>
  <ttWidgetAttributesRow>
    <AttributeName>REFRESHABLE</AttributeName>
  </ttWidgetAttributesRow>
  <ttWidgetAttributesRow>
    <AttributeName>REJECTED</AttributeName>
  </ttWidgetAttributesRow>
  <ttWidgetAttributesRow>
    <AttributeName>RELATION-FIELDS</AttributeName>
  </ttWidgetAttributesRow>
  <ttWidgetAttributesRow>
    <AttributeName>RELATIONS-ACTIVE</AttributeName>
  </ttWidgetAttributesRow>
  <ttWidgetAttributesRow>
    <AttributeName>REMOTE</AttributeName>
  </ttWidgetAttributesRow>
  <ttWidgetAttributesRow>
    <AttributeName>REMOTE-HOST</AttributeName>
  </ttWidgetAttributesRow>
  <ttWidgetAttributesRow>
    <AttributeName>REMOTE-PORT</AttributeName>
  </ttWidgetAttributesRow>
  <ttWidgetAttributesRow>
    <AttributeName>REPOSITION</AttributeName>
  </ttWidgetAttributesRow>
  <ttWidgetAttributesRow>
    <AttributeName>REQUEST-INFO</AttributeName>
  </ttWidgetAttributesRow>
  <ttWidgetAttributesRow>
    <AttributeName>RESIZABLE</AttributeName>
  </ttWidgetAttributesRow>
  <ttWidgetAttributesRow>
    <AttributeName>RESIZE</AttributeName>
  </ttWidgetAttributesRow>
  <ttWidgetAttributesRow>
    <AttributeName>RESPONSE-INFO</AttributeName>
  </ttWidgetAttributesRow>
  <ttWidgetAttributesRow>
    <AttributeName>RESTART-ROW</AttributeName>
  </ttWidgetAttributesRow>
  <ttWidgetAttributesRow>
    <AttributeName>RESTART-ROWID</AttributeName>
  </ttWidgetAttributesRow>
  <ttWidgetAttributesRow>
    <AttributeName>RETAIN-SHAPE</AttributeName>
  </ttWidgetAttributesRow>
  <ttWidgetAttributesRow>
    <AttributeName>RETURN-INSERTED</AttributeName>
  </ttWidgetAttributesRow>
  <ttWidgetAttributesRow>
    <AttributeName>RETURN-VALUE</AttributeName>
  </ttWidgetAttributesRow>
  <ttWidgetAttributesRow>
    <AttributeName>RETURN-VALUE-DATA-TYPE</AttributeName>
  </ttWidgetAttributesRow>
  <ttWidgetAttributesRow>
    <AttributeName>RETURN-VALUE-DLL-TYPE</AttributeName>
  </ttWidgetAttributesRow>
  <ttWidgetAttributesRow>
    <AttributeName>ROLE</AttributeName>
  </ttWidgetAttributesRow>
  <ttWidgetAttributesRow>
    <AttributeName>ROLES</AttributeName>
  </ttWidgetAttributesRow>
  <ttWidgetAttributesRow>
    <AttributeName>ROUNDED</AttributeName>
  </ttWidgetAttributesRow>
  <ttWidgetAttributesRow>
    <AttributeName>ROW</AttributeName>
  </ttWidgetAttributesRow>
  <ttWidgetAttributesRow>
    <AttributeName>ROW-HEIGHT-CHARS</AttributeName>
  </ttWidgetAttributesRow>
  <ttWidgetAttributesRow>
    <AttributeName>ROW-HEIGHT-PIXELS</AttributeName>
  </ttWidgetAttributesRow>
  <ttWidgetAttributesRow>
    <AttributeName>ROW-MARKERS</AttributeName>
  </ttWidgetAttributesRow>
  <ttWidgetAttributesRow>
    <AttributeName>ROW-RESIZABLE</AttributeName>
  </ttWidgetAttributesRow>
  <ttWidgetAttributesRow>
    <AttributeName>ROW-STATE</AttributeName>
  </ttWidgetAttributesRow>
  <ttWidgetAttributesRow>
    <AttributeName>ROWID</AttributeName>
  </ttWidgetAttributesRow>
  <ttWidgetAttributesRow>
    <AttributeName>SAVE-WHERE-STRING</AttributeName>
  </ttWidgetAttributesRow>
  <ttWidgetAttributesRow>
    <AttributeName>SCHEMA-CHANGE</AttributeName>
  </ttWidgetAttributesRow>
  <ttWidgetAttributesRow>
    <AttributeName>SCHEMA-LOCATION</AttributeName>
  </ttWidgetAttributesRow>
  <ttWidgetAttributesRow>
    <AttributeName>SCHEMA-MARSHAL</AttributeName>
  </ttWidgetAttributesRow>
  <ttWidgetAttributesRow>
    <AttributeName>SCHEMA-PATH</AttributeName>
  </ttWidgetAttributesRow>
  <ttWidgetAttributesRow>
    <AttributeName>SCREEN-LINES</AttributeName>
  </ttWidgetAttributesRow>
  <ttWidgetAttributesRow>
    <AttributeName>SCREEN-VALUE</AttributeName>
  </ttWidgetAttributesRow>
  <ttWidgetAttributesRow>
    <AttributeName>SCROLL-BARS</AttributeName>
  </ttWidgetAttributesRow>
  <ttWidgetAttributesRow>
    <AttributeName>SCROLLABLE</AttributeName>
  </ttWidgetAttributesRow>
  <ttWidgetAttributesRow>
    <AttributeName>SCROLLBAR-HORIZONTAL</AttributeName>
  </ttWidgetAttributesRow>
  <ttWidgetAttributesRow>
    <AttributeName>SCROLLBAR-VERTICAL</AttributeName>
  </ttWidgetAttributesRow>
  <ttWidgetAttributesRow>
    <AttributeName>SEAL-TIMESTAMP</AttributeName>
  </ttWidgetAttributesRow>
  <ttWidgetAttributesRow>
    <AttributeName>SELECTABLE</AttributeName>
  </ttWidgetAttributesRow>
  <ttWidgetAttributesRow>
    <AttributeName>SELECTED</AttributeName>
  </ttWidgetAttributesRow>
  <ttWidgetAttributesRow>
    <AttributeName>SELECTION-END</AttributeName>
  </ttWidgetAttributesRow>
  <ttWidgetAttributesRow>
    <AttributeName>SELECTION-START</AttributeName>
  </ttWidgetAttributesRow>
  <ttWidgetAttributesRow>
    <AttributeName>SELECTION-TEXT</AttributeName>
  </ttWidgetAttributesRow>
  <ttWidgetAttributesRow>
    <AttributeName>SENSITIVE</AttributeName>
  </ttWidgetAttributesRow>
  <ttWidgetAttributesRow>
    <AttributeName>SEPARATOR-FGCOLOR</AttributeName>
  </ttWidgetAttributesRow>
  <ttWidgetAttributesRow>
    <AttributeName>SEPARATORS</AttributeName>
  </ttWidgetAttributesRow>
  <ttWidgetAttributesRow>
    <AttributeName>SERIALIZE-HIDDEN</AttributeName>
  </ttWidgetAttributesRow>
  <ttWidgetAttributesRow>
    <AttributeName>SERIALIZE-NAME</AttributeName>
  </ttWidgetAttributesRow>
  <ttWidgetAttributesRow>
    <AttributeName>SERVER</AttributeName>
  </ttWidgetAttributesRow>
  <ttWidgetAttributesRow>
    <AttributeName>SERVER-CONNECTION-BOUND</AttributeName>
  </ttWidgetAttributesRow>
  <ttWidgetAttributesRow>
    <AttributeName>SERVER-CONNECTION-BOUND-REQUEST</AttributeName>
  </ttWidgetAttributesRow>
  <ttWidgetAttributesRow>
    <AttributeName>SERVER-CONNECTION-CONTEXT</AttributeName>
  </ttWidgetAttributesRow>
  <ttWidgetAttributesRow>
    <AttributeName>SERVER-CONNECTION-ID</AttributeName>
  </ttWidgetAttributesRow>
  <ttWidgetAttributesRow>
    <AttributeName>SERVER-OPERATING-MODE</AttributeName>
  </ttWidgetAttributesRow>
  <ttWidgetAttributesRow>
    <AttributeName>SESSION-END</AttributeName>
  </ttWidgetAttributesRow>
  <ttWidgetAttributesRow>
    <AttributeName>SESSION-ID</AttributeName>
  </ttWidgetAttributesRow>
  <ttWidgetAttributesRow>
    <AttributeName>SHOW-IN-TASKBAR</AttributeName>
  </ttWidgetAttributesRow>
  <ttWidgetAttributesRow>
    <AttributeName>SIDE-LABEL-HANDLE</AttributeName>
  </ttWidgetAttributesRow>
  <ttWidgetAttributesRow>
    <AttributeName>SIDE-LABELS</AttributeName>
  </ttWidgetAttributesRow>
  <ttWidgetAttributesRow>
    <AttributeName>SINGLE-RUN</AttributeName>
  </ttWidgetAttributesRow>
  <ttWidgetAttributesRow>
    <AttributeName>SINGLETON</AttributeName>
  </ttWidgetAttributesRow>
  <ttWidgetAttributesRow>
    <AttributeName>SKIP-DELETED-RECORD</AttributeName>
  </ttWidgetAttributesRow>
  <ttWidgetAttributesRow>
    <AttributeName>SMALL-ICON</AttributeName>
  </ttWidgetAttributesRow>
  <ttWidgetAttributesRow>
    <AttributeName>SMALL-TITLE</AttributeName>
  </ttWidgetAttributesRow>
  <ttWidgetAttributesRow>
    <AttributeName>SOAP-FAULT-ACTOR</AttributeName>
  </ttWidgetAttributesRow>
  <ttWidgetAttributesRow>
    <AttributeName>SOAP-FAULT-CODE</AttributeName>
  </ttWidgetAttributesRow>
  <ttWidgetAttributesRow>
    <AttributeName>SOAP-FAULT-DETAIL</AttributeName>
  </ttWidgetAttributesRow>
  <ttWidgetAttributesRow>
    <AttributeName>SOAP-FAULT-MISUNDERSTOOD-HEADER</AttributeName>
  </ttWidgetAttributesRow>
  <ttWidgetAttributesRow>
    <AttributeName>SOAP-FAULT-NODE</AttributeName>
  </ttWidgetAttributesRow>
  <ttWidgetAttributesRow>
    <AttributeName>SOAP-FAULT-ROLE</AttributeName>
  </ttWidgetAttributesRow>
  <ttWidgetAttributesRow>
    <AttributeName>SOAP-FAULT-STRING</AttributeName>
  </ttWidgetAttributesRow>
  <ttWidgetAttributesRow>
    <AttributeName>SOAP-FAULT-SUBCODE</AttributeName>
  </ttWidgetAttributesRow>
  <ttWidgetAttributesRow>
    <AttributeName>SOAP-VERSION</AttributeName>
  </ttWidgetAttributesRow>
  <ttWidgetAttributesRow>
    <AttributeName>SORT</AttributeName>
  </ttWidgetAttributesRow>
  <ttWidgetAttributesRow>
    <AttributeName>SORT-ASCENDING</AttributeName>
  </ttWidgetAttributesRow>
  <ttWidgetAttributesRow>
    <AttributeName>SORT-NUMBER</AttributeName>
  </ttWidgetAttributesRow>
  <ttWidgetAttributesRow>
    <AttributeName>SSL-SERVER-NAME</AttributeName>
  </ttWidgetAttributesRow>
  <ttWidgetAttributesRow>
    <AttributeName>STANDALONE</AttributeName>
  </ttWidgetAttributesRow>
  <ttWidgetAttributesRow>
    <AttributeName>STARTUP-PARAMETERS</AttributeName>
  </ttWidgetAttributesRow>
  <ttWidgetAttributesRow>
    <AttributeName>STATE-DETAIL</AttributeName>
  </ttWidgetAttributesRow>
  <ttWidgetAttributesRow>
    <AttributeName>STATUS-AREA</AttributeName>
  </ttWidgetAttributesRow>
  <ttWidgetAttributesRow>
    <AttributeName>STATUS-AREA-FONT</AttributeName>
  </ttWidgetAttributesRow>
  <ttWidgetAttributesRow>
    <AttributeName>STOP</AttributeName>
  </ttWidgetAttributesRow>
  <ttWidgetAttributesRow>
    <AttributeName>STOPPED</AttributeName>
  </ttWidgetAttributesRow>
  <ttWidgetAttributesRow>
    <AttributeName>STREAM</AttributeName>
  </ttWidgetAttributesRow>
  <ttWidgetAttributesRow>
    <AttributeName>STRETCH-TO-FIT</AttributeName>
  </ttWidgetAttributesRow>
  <ttWidgetAttributesRow>
    <AttributeName>STRICT</AttributeName>
  </ttWidgetAttributesRow>
  <ttWidgetAttributesRow>
    <AttributeName>SUBTYPE</AttributeName>
  </ttWidgetAttributesRow>
  <ttWidgetAttributesRow>
    <AttributeName>SUPER-PROCEDURES</AttributeName>
  </ttWidgetAttributesRow>
  <ttWidgetAttributesRow>
    <AttributeName>SUPPRESS-NAMESPACE-PROCESSING</AttributeName>
  </ttWidgetAttributesRow>
  <ttWidgetAttributesRow>
    <AttributeName>SUPPRESS-WARNINGS</AttributeName>
  </ttWidgetAttributesRow>
  <ttWidgetAttributesRow>
    <AttributeName>SUPPRESS-WARNINGS-LIST</AttributeName>
  </ttWidgetAttributesRow>
  <ttWidgetAttributesRow>
    <AttributeName>SYMMETRIC-ENCRYPTION-ALGORITHM</AttributeName>
  </ttWidgetAttributesRow>
  <ttWidgetAttributesRow>
    <AttributeName>SYMMETRIC-ENCRYPTION-IV</AttributeName>
  </ttWidgetAttributesRow>
  <ttWidgetAttributesRow>
    <AttributeName>SYMMETRIC-ENCRYPTION-KEY</AttributeName>
  </ttWidgetAttributesRow>
  <ttWidgetAttributesRow>
    <AttributeName>SYMMETRIC-SUPPORT</AttributeName>
  </ttWidgetAttributesRow>
  <ttWidgetAttributesRow>
    <AttributeName>SYSTEM-ALERT-BOXES</AttributeName>
  </ttWidgetAttributesRow>
  <ttWidgetAttributesRow>
    <AttributeName>SYSTEM-ID</AttributeName>
  </ttWidgetAttributesRow>
  <ttWidgetAttributesRow>
    <AttributeName>TAB-POSITION</AttributeName>
  </ttWidgetAttributesRow>
  <ttWidgetAttributesRow>
    <AttributeName>TAB-STOP</AttributeName>
  </ttWidgetAttributesRow>
  <ttWidgetAttributesRow>
    <AttributeName>TABLE</AttributeName>
  </ttWidgetAttributesRow>
  <ttWidgetAttributesRow>
    <AttributeName>TABLE-CRC-LIST</AttributeName>
  </ttWidgetAttributesRow>
  <ttWidgetAttributesRow>
    <AttributeName>TABLE-HANDLE</AttributeName>
  </ttWidgetAttributesRow>
  <ttWidgetAttributesRow>
    <AttributeName>TABLE-LIST</AttributeName>
  </ttWidgetAttributesRow>
  <ttWidgetAttributesRow>
    <AttributeName>TABLE-NUMBER</AttributeName>
  </ttWidgetAttributesRow>
  <ttWidgetAttributesRow>
    <AttributeName>TEMP-DIRECTORY</AttributeName>
  </ttWidgetAttributesRow>
  <ttWidgetAttributesRow>
    <AttributeName>TEXT-SELECTED</AttributeName>
  </ttWidgetAttributesRow>
  <ttWidgetAttributesRow>
    <AttributeName>THREAD-SAFE</AttributeName>
  </ttWidgetAttributesRow>
  <ttWidgetAttributesRow>
    <AttributeName>THREE-D</AttributeName>
  </ttWidgetAttributesRow>
  <ttWidgetAttributesRow>
    <AttributeName>TIC-MARKS</AttributeName>
  </ttWidgetAttributesRow>
  <ttWidgetAttributesRow>
    <AttributeName>TIME-SOURCE</AttributeName>
  </ttWidgetAttributesRow>
  <ttWidgetAttributesRow>
    <AttributeName>TIMEZONE</AttributeName>
  </ttWidgetAttributesRow>
  <ttWidgetAttributesRow>
    <AttributeName>TITLE</AttributeName>
  </ttWidgetAttributesRow>
  <ttWidgetAttributesRow>
    <AttributeName>TITLE-BGCOLOR</AttributeName>
  </ttWidgetAttributesRow>
  <ttWidgetAttributesRow>
    <AttributeName>TITLE-DCOLOR</AttributeName>
  </ttWidgetAttributesRow>
  <ttWidgetAttributesRow>
    <AttributeName>TITLE-FGCOLOR</AttributeName>
  </ttWidgetAttributesRow>
  <ttWidgetAttributesRow>
    <AttributeName>TITLE-FONT</AttributeName>
  </ttWidgetAttributesRow>
  <ttWidgetAttributesRow>
    <AttributeName>TOGGLE-BOX</AttributeName>
  </ttWidgetAttributesRow>
  <ttWidgetAttributesRow>
    <AttributeName>TOOLTIP</AttributeName>
  </ttWidgetAttributesRow>
  <ttWidgetAttributesRow>
    <AttributeName>TOOLTIPS</AttributeName>
  </ttWidgetAttributesRow>
  <ttWidgetAttributesRow>
    <AttributeName>TOP-NAV-QUERY</AttributeName>
  </ttWidgetAttributesRow>
  <ttWidgetAttributesRow>
    <AttributeName>TOP-ONLY</AttributeName>
  </ttWidgetAttributesRow>
  <ttWidgetAttributesRow>
    <AttributeName>TRACKING-CHANGES</AttributeName>
  </ttWidgetAttributesRow>
  <ttWidgetAttributesRow>
    <AttributeName>TRANS-INIT-PROCEDURE</AttributeName>
  </ttWidgetAttributesRow>
  <ttWidgetAttributesRow>
    <AttributeName>TRANSACTION</AttributeName>
  </ttWidgetAttributesRow>
  <ttWidgetAttributesRow>
    <AttributeName>TRANSPARENT</AttributeName>
  </ttWidgetAttributesRow>
  <ttWidgetAttributesRow>
    <AttributeName>TYPE</AttributeName>
  </ttWidgetAttributesRow>
  <ttWidgetAttributesRow>
    <AttributeName>UNDO</AttributeName>
  </ttWidgetAttributesRow>
  <ttWidgetAttributesRow>
    <AttributeName>UNDO-THROW-SCOPE</AttributeName>
  </ttWidgetAttributesRow>
  <ttWidgetAttributesRow>
    <AttributeName>UNIQUE-ID</AttributeName>
  </ttWidgetAttributesRow>
  <ttWidgetAttributesRow>
    <AttributeName>UNIQUE-MATCH</AttributeName>
  </ttWidgetAttributesRow>
  <ttWidgetAttributesRow>
    <AttributeName>URL</AttributeName>
  </ttWidgetAttributesRow>
  <ttWidgetAttributesRow>
    <AttributeName>URL-PASSWORD</AttributeName>
  </ttWidgetAttributesRow>
  <ttWidgetAttributesRow>
    <AttributeName>URL-USERID</AttributeName>
  </ttWidgetAttributesRow>
  <ttWidgetAttributesRow>
    <AttributeName>USER-ID</AttributeName>
  </ttWidgetAttributesRow>
  <ttWidgetAttributesRow>
    <AttributeName>V6DISPLAY</AttributeName>
  </ttWidgetAttributesRow>
  <ttWidgetAttributesRow>
    <AttributeName>VALIDATE-EXPRESSION</AttributeName>
  </ttWidgetAttributesRow>
  <ttWidgetAttributesRow>
    <AttributeName>VALIDATE-MESSAGE</AttributeName>
  </ttWidgetAttributesRow>
  <ttWidgetAttributesRow>
    <AttributeName>VALIDATE-XML</AttributeName>
  </ttWidgetAttributesRow>
  <ttWidgetAttributesRow>
    <AttributeName>VALIDATION-ENABLED</AttributeName>
  </ttWidgetAttributesRow>
  <ttWidgetAttributesRow>
    <AttributeName>VALUE</AttributeName>
  </ttWidgetAttributesRow>
  <ttWidgetAttributesRow>
    <AttributeName>VERSION</AttributeName>
  </ttWidgetAttributesRow>
  <ttWidgetAttributesRow>
    <AttributeName>VIEW-AS</AttributeName>
  </ttWidgetAttributesRow>
  <ttWidgetAttributesRow>
    <AttributeName>VIEW-FIRST-COLUMN-ON-REOPEN</AttributeName>
  </ttWidgetAttributesRow>
  <ttWidgetAttributesRow>
    <AttributeName>VIRTUAL-HEIGHT-CHARS</AttributeName>
  </ttWidgetAttributesRow>
  <ttWidgetAttributesRow>
    <AttributeName>VIRTUAL-HEIGHT-PIXELS</AttributeName>
  </ttWidgetAttributesRow>
  <ttWidgetAttributesRow>
    <AttributeName>VIRTUAL-WIDTH-CHARS</AttributeName>
  </ttWidgetAttributesRow>
  <ttWidgetAttributesRow>
    <AttributeName>VIRTUAL-WIDTH-PIXELS</AttributeName>
  </ttWidgetAttributesRow>
  <ttWidgetAttributesRow>
    <AttributeName>VISIBLE</AttributeName>
  </ttWidgetAttributesRow>
  <ttWidgetAttributesRow>
    <AttributeName>WARNING</AttributeName>
  </ttWidgetAttributesRow>
  <ttWidgetAttributesRow>
    <AttributeName>WC-ADMIN-APP</AttributeName>
  </ttWidgetAttributesRow>
  <ttWidgetAttributesRow>
    <AttributeName>WHERE-STRING</AttributeName>
  </ttWidgetAttributesRow>
  <ttWidgetAttributesRow>
    <AttributeName>WIDGET-ENTER</AttributeName>
  </ttWidgetAttributesRow>
  <ttWidgetAttributesRow>
    <AttributeName>WIDGET-ID</AttributeName>
  </ttWidgetAttributesRow>
  <ttWidgetAttributesRow>
    <AttributeName>WIDGET-LEAVE</AttributeName>
  </ttWidgetAttributesRow>
  <ttWidgetAttributesRow>
    <AttributeName>WIDTH-CHARS</AttributeName>
  </ttWidgetAttributesRow>
  <ttWidgetAttributesRow>
    <AttributeName>WIDTH-PIXELS</AttributeName>
  </ttWidgetAttributesRow>
  <ttWidgetAttributesRow>
    <AttributeName>WINDOW</AttributeName>
  </ttWidgetAttributesRow>
  <ttWidgetAttributesRow>
    <AttributeName>WINDOW-STATE</AttributeName>
  </ttWidgetAttributesRow>
  <ttWidgetAttributesRow>
    <AttributeName>WINDOW-SYSTEM</AttributeName>
  </ttWidgetAttributesRow>
  <ttWidgetAttributesRow>
    <AttributeName>WORD-WRAP</AttributeName>
  </ttWidgetAttributesRow>
  <ttWidgetAttributesRow>
    <AttributeName>WORK-AREA-HEIGHT-PIXELS</AttributeName>
  </ttWidgetAttributesRow>
  <ttWidgetAttributesRow>
    <AttributeName>WORK-AREA-WIDTH-PIXELS</AttributeName>
  </ttWidgetAttributesRow>
  <ttWidgetAttributesRow>
    <AttributeName>WORK-AREA-X</AttributeName>
  </ttWidgetAttributesRow>
  <ttWidgetAttributesRow>
    <AttributeName>WORK-AREA-Y</AttributeName>
  </ttWidgetAttributesRow>
  <ttWidgetAttributesRow>
    <AttributeName>WRITE-STATUS</AttributeName>
  </ttWidgetAttributesRow>
  <ttWidgetAttributesRow>
    <AttributeName>X</AttributeName>
  </ttWidgetAttributesRow>
  <ttWidgetAttributesRow>
    <AttributeName>X-DOCUMENT</AttributeName>
  </ttWidgetAttributesRow>
  <ttWidgetAttributesRow>
    <AttributeName>XCODE-SESSION-KEY</AttributeName>
  </ttWidgetAttributesRow>
  <ttWidgetAttributesRow>
    <AttributeName>XML-DATA-TYPE</AttributeName>
  </ttWidgetAttributesRow>
  <ttWidgetAttributesRow>
    <AttributeName>XML-NODE-NAME</AttributeName>
  </ttWidgetAttributesRow>
  <ttWidgetAttributesRow>
    <AttributeName>XML-NODE-TYPE</AttributeName>
  </ttWidgetAttributesRow>
  <ttWidgetAttributesRow>
    <AttributeName>XML-SCHEMA-PATH</AttributeName>
  </ttWidgetAttributesRow>
  <ttWidgetAttributesRow>
    <AttributeName>XML-SUPPRESS-NAMESPACE-PROCESSING</AttributeName>
  </ttWidgetAttributesRow>
  <ttWidgetAttributesRow>
    <AttributeName>Y</AttributeName>
  </ttWidgetAttributesRow>
  <ttWidgetAttributesRow>
    <AttributeName>YEAR-OFFSET</AttributeName>
  </ttWidgetAttributesRow>
</ttWidgetAttributes>
